0 verbose cli /Users/vimukthideshan/.nvm/versions/node/v23.1.0/bin/node /Users/vimukthideshan/.nvm/versions/node/v23.1.0/bin/npm
1 info using npm@11.4.2
2 info using node@v23.1.0
3 silly config load:file:/Users/vimukthideshan/.nvm/versions/node/v23.1.0/lib/node_modules/npm/npmrc
4 silly config load:file:/Users/vimukthideshan/Final Project/canela-ceylon-scm/blockchain/.npmrc
5 silly config load:file:/Users/vimukthideshan/.npmrc
6 silly config load:file:/Users/vimukthideshan/.nvm/versions/node/v23.1.0/etc/npmrc
7 verbose title npm install
8 verbose argv "install"
9 verbose logfile logs-max:10 dir:/Users/vimukthideshan/Final Project/canela-ceylon-scm/blockchain/.npm-cache/_logs/2026-08-06T07_19_35_520Z-
10 verbose logfile /Users/vimukthideshan/Final Project/canela-ceylon-scm/blockchain/.npm-cache/_logs/2026-08-06T07_19_35_520Z-debug-0.log
11 silly logfile done cleaning log files
12 silly packumentCache heap:4345298944 maxSize:1086324736 maxEntrySize:543162368
13 silly idealTree buildDeps
14 silly fetch manifest @nomicfoundation/hardhat-toolbox-mocha-ethers@^3.0.0
15 silly packumentCache full:https://registry.npmjs.org/@nomicfoundation%2fhardhat-toolbox-mocha-ethers cache-miss
16 http fetch GET 200 https://registry.npmjs.org/@nomicfoundation%2fhardhat-toolbox-mocha-ethers 414ms (cache miss)
17 silly packumentCache full:https://registry.npmjs.org/@nomicfoundation%2fhardhat-toolbox-mocha-ethers set size:undefined disposed:false
18 silly fetch manifest @nomicfoundation/hardhat-ethers@^4.0.0
19 silly packumentCache full:https://registry.npmjs.org/@nomicfoundation%2fhardhat-ethers cache-miss
20 http fetch GET 200 https://registry.npmjs.org/@nomicfoundation%2fhardhat-ethers 779ms (cache miss)
21 silly packumentCache full:https://registry.npmjs.org/@nomicfoundation%2fhardhat-ethers set size:undefined disposed:false
22 silly fetch manifest hardhat@^3.0.0
23 silly packumentCache full:https://registry.npmjs.org/hardhat cache-miss
24 http fetch GET 200 https://registry.npmjs.org/hardhat 416ms (cache miss)
25 silly packumentCache full:https://registry.npmjs.org/hardhat set size:undefined disposed:false
26 silly fetch manifest @nomicfoundation/hardhat-ethers-chai-matchers@^3.0.0
27 silly packumentCache full:https://registry.npmjs.org/@nomicfoundation%2fhardhat-ethers-chai-matchers cache-miss
28 http fetch GET 200 https://registry.npmjs.org/@nomicfoundation%2fhardhat-ethers-chai-matchers 809ms (cache miss)
29 silly packumentCache full:https://registry.npmjs.org/@nomicfoundation%2fhardhat-ethers-chai-matchers set size:undefined disposed:false
30 silly fetch manifest chai@>=5.1.2 <7
31 silly packumentCache full:https://registry.npmjs.org/chai cache-miss
32 http fetch GET 200 https://registry.npmjs.org/chai 354ms (cache miss)
33 silly packumentCache full:https://registry.npmjs.org/chai set size:undefined disposed:false
34 silly fetch manifest ethers@^6.14.0
35 silly packumentCache full:https://registry.npmjs.org/ethers cache-miss
36 http fetch GET 200 https://registry.npmjs.org/ethers 175ms (cache miss)
37 silly packumentCache full:https://registry.npmjs.org/ethers set size:undefined disposed:false
38 silly fetch manifest @nomicfoundation/hardhat-ignition@^3.0.0
39 silly packumentCache full:https://registry.npmjs.org/@nomicfoundation%2fhardhat-ignition cache-miss
40 http fetch GET 200 https://registry.npmjs.org/@nomicfoundation%2fhardhat-ignition 792ms (cache miss)
41 silly packumentCache full:https://registry.npmjs.org/@nomicfoundation%2fhardhat-ignition set size:undefined disposed:false
42 silly fetch manifest @nomicfoundation/hardhat-verify@^3.0.0
43 silly packumentCache full:https://registry.npmjs.org/@nomicfoundation%2fhardhat-verify cache-miss
44 http fetch GET 200 https://registry.npmjs.org/@nomicfoundation%2fhardhat-verify 804ms (cache miss)
45 silly packumentCache full:https://registry.npmjs.org/@nomicfoundation%2fhardhat-verify set size:undefined disposed:false
46 silly fetch manifest @nomicfoundation/hardhat-ignition-ethers@^3.0.0
47 silly packumentCache full:https://registry.npmjs.org/@nomicfoundation%2fhardhat-ignition-ethers cache-miss
48 http fetch GET 200 https://registry.npmjs.org/@nomicfoundation%2fhardhat-ignition-ethers 801ms (cache miss)
49 silly packumentCache full:https://registry.npmjs.org/@nomicfoundation%2fhardhat-ignition-ethers set size:undefined disposed:false
50 silly fetch manifest @nomicfoundation/ignition-core@^3.0.7
51 silly packumentCache full:https://registry.npmjs.org/@nomicfoundation%2fignition-core cache-miss
52 http fetch GET 200 https://registry.npmjs.org/@nomicfoundation%2fignition-core 847ms (cache miss)
53 silly packumentCache full:https://registry.npmjs.org/@nomicfoundation%2fignition-core set size:undefined disposed:false
54 silly fetch manifest @nomicfoundation/hardhat-keystore@^3.0.0
55 silly packumentCache full:https://registry.npmjs.org/@nomicfoundation%2fhardhat-keystore cache-miss
56 http fetch GET 200 https://registry.npmjs.org/@nomicfoundation%2fhardhat-keystore 958ms (cache miss)
57 silly packumentCache full:https://registry.npmjs.org/@nomicfoundation%2fhardhat-keystore set size:undefined disposed:false
58 silly fetch manifest @nomicfoundation/hardhat-mocha@^3.0.0
59 silly packumentCache full:https://registry.npmjs.org/@nomicfoundation%2fhardhat-mocha cache-miss
60 http fetch GET 200 https://registry.npmjs.org/@nomicfoundation%2fhardhat-mocha 805ms (cache miss)
61 silly packumentCache full:https://registry.npmjs.org/@nomicfoundation%2fhardhat-mocha set size:undefined disposed:false
62 silly fetch manifest mocha@^11.0.0
63 silly packumentCache full:https://registry.npmjs.org/mocha cache-miss
64 http fetch GET 200 https://registry.npmjs.org/mocha 991ms (cache miss)
65 silly packumentCache full:https://registry.npmjs.org/mocha set size:undefined disposed:false
66 silly fetch manifest @nomicfoundation/hardhat-network-helpers@^3.0.0
67 silly packumentCache full:https://registry.npmjs.org/@nomicfoundation%2fhardhat-network-helpers cache-miss
68 http fetch GET 200 https://registry.npmjs.org/@nomicfoundation%2fhardhat-network-helpers 779ms (cache miss)
69 silly packumentCache full:https://registry.npmjs.org/@nomicfoundation%2fhardhat-network-helpers set size:undefined disposed:false
70 silly fetch manifest @nomicfoundation/hardhat-typechain@^3.0.0
71 silly packumentCache full:https://registry.npmjs.org/@nomicfoundation%2fhardhat-typechain cache-miss
72 http fetch GET 200 https://registry.npmjs.org/@nomicfoundation%2fhardhat-typechain 776ms (cache miss)
73 silly packumentCache full:https://registry.npmjs.org/@nomicfoundation%2fhardhat-typechain set size:undefined disposed:false
74 silly fetch manifest dotenv@^16.4.7
75 silly packumentCache full:https://registry.npmjs.org/dotenv cache-miss
76 http fetch GET 200 https://registry.npmjs.org/dotenv 82ms (cache miss)
77 silly packumentCache full:https://registry.npmjs.org/dotenv set size:undefined disposed:false
78 silly fetch manifest typescript@^5.7.3
79 silly packumentCache full:https://registry.npmjs.org/typescript cache-miss
80 http fetch GET 200 https://registry.npmjs.org/typescript 921ms (cache miss)
81 silly packumentCache full:https://registry.npmjs.org/typescript set size:undefined disposed:false
82 silly placeDep ROOT @nomicfoundation/hardhat-toolbox-mocha-ethers@3.0.7 OK for: canela-ceylon-blockchain@0.1.0 want: ^3.0.0
83 silly placeDep ROOT @nomicfoundation/hardhat-ethers@4.0.15 OK for: @nomicfoundation/hardhat-toolbox-mocha-ethers@3.0.7 want: ^4.0.0
84 silly placeDep ROOT hardhat@3.12.0 OK for: @nomicfoundation/hardhat-ethers@4.0.15 want: ^3.8.0
85 silly placeDep ROOT @nomicfoundation/hardhat-ethers-chai-matchers@3.0.11 OK for: @nomicfoundation/hardhat-toolbox-mocha-ethers@3.0.7 want: ^3.0.0
86 silly placeDep ROOT chai@6.2.2 OK for: @nomicfoundation/hardhat-ethers-chai-matchers@3.0.11 want: >=5.1.2 <7
87 silly placeDep ROOT ethers@6.17.0 OK for: @nomicfoundation/hardhat-ethers-chai-matchers@3.0.11 want: ^6.14.0
88 silly placeDep ROOT @nomicfoundation/hardhat-ignition@3.1.8 OK for: @nomicfoundation/hardhat-toolbox-mocha-ethers@3.0.7 want: ^3.0.0
89 silly placeDep ROOT @nomicfoundation/hardhat-verify@3.0.22 OK for: @nomicfoundation/hardhat-ignition@3.1.8 want: ^3.0.0
90 silly placeDep ROOT @nomicfoundation/hardhat-ignition-ethers@3.1.6 OK for: @nomicfoundation/hardhat-toolbox-mocha-ethers@3.0.7 want: ^3.0.0
91 silly placeDep ROOT @nomicfoundation/ignition-core@3.1.9 OK for: @nomicfoundation/hardhat-ignition-ethers@3.1.6 want: ^3.0.7
92 silly placeDep ROOT @nomicfoundation/hardhat-keystore@3.0.12 OK for: @nomicfoundation/hardhat-toolbox-mocha-ethers@3.0.7 want: ^3.0.0
93 silly placeDep ROOT @nomicfoundation/hardhat-mocha@3.1.0 OK for: @nomicfoundation/hardhat-toolbox-mocha-ethers@3.0.7 want: ^3.0.0
94 silly placeDep ROOT mocha@11.8.0 OK for: @nomicfoundation/hardhat-mocha@3.1.0 want: ^11.0.0
95 silly placeDep ROOT @nomicfoundation/hardhat-network-helpers@3.0.11 OK for: @nomicfoundation/hardhat-toolbox-mocha-ethers@3.0.7 want: ^3.0.0
96 silly placeDep ROOT @nomicfoundation/hardhat-typechain@3.1.1 OK for: @nomicfoundation/hardhat-toolbox-mocha-ethers@3.0.7 want: ^3.0.0
97 silly placeDep ROOT dotenv@16.6.1 OK for: canela-ceylon-blockchain@0.1.0 want: ^16.4.7
98 silly placeDep ROOT typescript@5.9.3 OK for: canela-ceylon-blockchain@0.1.0 want: ^5.7.3
99 silly fetch manifest @nomicfoundation/hardhat-errors@^3.0.15
100 silly packumentCache full:https://registry.npmjs.org/@nomicfoundation%2fhardhat-errors cache-miss
101 silly fetch manifest @nomicfoundation/hardhat-utils@^4.1.3
102 silly packumentCache full:https://registry.npmjs.org/@nomicfoundation%2fhardhat-utils cache-miss
103 silly fetch manifest @nomicfoundation/hardhat-zod-utils@^3.0.4
104 silly packumentCache full:https://registry.npmjs.org/@nomicfoundation%2fhardhat-zod-utils cache-miss
105 silly fetch manifest @typechain/ethers-v6@^0.5.0
106 silly packumentCache full:https://registry.npmjs.org/@typechain%2fethers-v6 cache-miss
107 silly fetch manifest typechain@^8.3.1
108 silly packumentCache full:https://registry.npmjs.org/typechain cache-miss
109 silly fetch manifest zod@^3.23.8
110 silly packumentCache full:https://registry.npmjs.org/zod cache-miss
111 silly fetch manifest @nomicfoundation/hardhat-errors@^3.0.16
112 silly packumentCache full:https://registry.npmjs.org/@nomicfoundation%2fhardhat-errors cache-miss
113 silly fetch manifest @nomicfoundation/hardhat-utils@^4.1.4
114 silly packumentCache full:https://registry.npmjs.org/@nomicfoundation%2fhardhat-utils cache-miss
115 silly fetch manifest @nomicfoundation/hardhat-errors@^3.0.15
116 silly packumentCache full:https://registry.npmjs.org/@nomicfoundation%2fhardhat-errors cache-miss
117 silly fetch manifest @nomicfoundation/hardhat-utils@^4.1.2
118 silly packumentCache full:https://registry.npmjs.org/@nomicfoundation%2fhardhat-utils cache-miss
119 http fetch GET 200 https://registry.npmjs.org/zod 487ms (cache miss)
120 silly packumentCache full:https://registry.npmjs.org/zod set size:undefined disposed:false
121 silly fetch manifest @nomicfoundation/hardhat-zod-utils@^3.0.5
122 silly packumentCache full:https://registry.npmjs.org/@nomicfoundation%2fhardhat-zod-utils cache-miss
123 http fetch GET 200 https://registry.npmjs.org/typechain 591ms (cache miss)
124 silly packumentCache full:https://registry.npmjs.org/typechain set size:undefined disposed:false
125 silly fetch manifest tsx@^4.23.1
126 silly packumentCache full:https://registry.npmjs.org/tsx cache-miss
127 http fetch GET 200 https://registry.npmjs.org/tsx 119ms (cache miss)
128 silly packumentCache full:https://registry.npmjs.org/tsx set size:undefined disposed:false
129 silly fetch manifest he@^1.2.0
130 silly packumentCache full:https://registry.npmjs.org/he cache-miss
131 http fetch GET 200 https://registry.npmjs.org/@nomicfoundation%2fhardhat-errors 768ms (cache miss)
132 silly packumentCache full:https://registry.npmjs.org/@nomicfoundation%2fhardhat-errors set size:undefined disposed:false
133 silly fetch manifest ms@^2.1.3
134 silly packumentCache full:https://registry.npmjs.org/ms cache-miss
135 http fetch GET 200 https://registry.npmjs.org/@nomicfoundation%2fhardhat-errors 773ms (cache miss)
136 silly packumentCache full:https://registry.npmjs.org/@nomicfoundation%2fhardhat-errors set size:undefined disposed:false
137 silly fetch manifest diff@^7.0.0
138 silly packumentCache full:https://registry.npmjs.org/diff cache-miss
139 http fetch GET 200 https://registry.npmjs.org/@nomicfoundation%2fhardhat-errors 775ms (cache miss)
140 silly packumentCache full:https://registry.npmjs.org/@nomicfoundation%2fhardhat-errors set size:undefined disposed:false
141 silly fetch manifest glob@^10.4.5
142 silly packumentCache full:https://registry.npmjs.org/glob cache-miss
143 http fetch GET 200 https://registry.npmjs.org/ms 72ms (cache miss)
144 silly packumentCache full:https://registry.npmjs.org/ms set size:undefined disposed:false
145 silly fetch manifest debug@^4.3.5
146 silly packumentCache full:https://registry.npmjs.org/debug cache-miss
147 http fetch GET 200 https://registry.npmjs.org/glob 131ms (cache miss)
148 silly packumentCache full:https://registry.npmjs.org/glob set size:undefined disposed:false
149 silly fetch manifest yargs@^17.7.2
150 silly packumentCache full:https://registry.npmjs.org/yargs cache-miss
151 http fetch GET 200 https://registry.npmjs.org/debug 77ms (cache miss)
152 silly packumentCache full:https://registry.npmjs.org/debug set size:undefined disposed:false
153 silly fetch manifest find-up@^5.0.0
154 silly packumentCache full:https://registry.npmjs.org/find-up cache-miss
155 http fetch GET 200 https://registry.npmjs.org/@nomicfoundation%2fhardhat-utils 955ms (cache miss)
156 silly packumentCache full:https://registry.npmjs.org/@nomicfoundation%2fhardhat-utils set size:undefined disposed:false
157 silly fetch manifest js-yaml@^4.1.0
158 silly packumentCache full:https://registry.npmjs.org/js-yaml cache-miss
159 http fetch GET 200 https://registry.npmjs.org/@nomicfoundation%2fhardhat-utils 956ms (cache miss)
160 silly packumentCache full:https://registry.npmjs.org/@nomicfoundation%2fhardhat-utils set size:undefined disposed:false
161 silly fetch manifest chokidar@^4.0.1
162 silly packumentCache full:https://registry.npmjs.org/chokidar cache-miss
163 http fetch GET 200 https://registry.npmjs.org/@nomicfoundation%2fhardhat-utils 958ms (cache miss)
164 silly packumentCache full:https://registry.npmjs.org/@nomicfoundation%2fhardhat-utils set size:undefined disposed:false
165 silly fetch manifest minimatch@^9.0.5
166 silly packumentCache full:https://registry.npmjs.org/minimatch cache-miss
167 http fetch GET 200 https://registry.npmjs.org/@typechain%2fethers-v6 965ms (cache miss)
168 silly packumentCache full:https://registry.npmjs.org/@typechain%2fethers-v6 set size:undefined disposed:false
169 silly fetch manifest picocolors@^1.1.1
170 silly packumentCache full:https://registry.npmjs.org/picocolors cache-miss
171 http fetch GET 200 https://registry.npmjs.org/@nomicfoundation%2fhardhat-zod-utils 975ms (cache miss)
172 silly packumentCache full:https://registry.npmjs.org/@nomicfoundation%2fhardhat-zod-utils set size:undefined disposed:false
173 silly fetch manifest workerpool@^9.2.0
174 silly packumentCache full:https://registry.npmjs.org/workerpool cache-miss
175 http fetch GET 200 https://registry.npmjs.org/@nomicfoundation%2fhardhat-zod-utils 473ms (cache miss)
176 silly packumentCache full:https://registry.npmjs.org/@nomicfoundation%2fhardhat-zod-utils set size:undefined disposed:false
177 silly fetch manifest log-symbols@^4.1.0
178 silly packumentCache full:https://registry.npmjs.org/log-symbols cache-miss
179 http fetch GET 200 https://registry.npmjs.org/js-yaml 85ms (cache miss)
180 silly packumentCache full:https://registry.npmjs.org/js-yaml set size:undefined disposed:false
181 silly fetch manifest yargs-parser@^21.1.1
182 silly packumentCache full:https://registry.npmjs.org/yargs-parser cache-miss
183 http fetch GET 200 https://registry.npmjs.org/yargs 133ms (cache miss)
184 silly packumentCache full:https://registry.npmjs.org/yargs set size:undefined disposed:false
185 silly fetch manifest browser-stdout@^1.3.1
186 silly packumentCache full:https://registry.npmjs.org/browser-stdout cache-miss
187 http fetch GET 200 https://registry.npmjs.org/chokidar 103ms (cache miss)
188 silly packumentCache full:https://registry.npmjs.org/chokidar set size:undefined disposed:false
189 silly fetch manifest is-path-inside@^3.0.3
190 silly packumentCache full:https://registry.npmjs.org/is-path-inside cache-miss
191 http fetch GET 200 https://registry.npmjs.org/he 376ms (cache miss)
192 silly packumentCache full:https://registry.npmjs.org/he set size:undefined disposed:false
193 silly fetch manifest supports-color@^8.1.1
194 silly packumentCache full:https://registry.npmjs.org/supports-color cache-miss
195 http fetch GET 200 https://registry.npmjs.org/minimatch 198ms (cache miss)
196 silly packumentCache full:https://registry.npmjs.org/minimatch set size:undefined disposed:false
197 silly fetch manifest yargs-unparser@^2.0.0
198 silly packumentCache full:https://registry.npmjs.org/yargs-unparser cache-miss
199 http fetch GET 200 https://registry.npmjs.org/diff 389ms (cache miss)
200 silly packumentCache full:https://registry.npmjs.org/diff set size:undefined disposed:false
201 silly fetch manifest strip-json-comments@^3.1.1
202 silly packumentCache full:https://registry.npmjs.org/strip-json-comments cache-miss
203 http fetch GET 200 https://registry.npmjs.org/supports-color 138ms (cache miss)
204 silly packumentCache full:https://registry.npmjs.org/supports-color set size:undefined disposed:false
205 silly fetch manifest escape-string-regexp@^4.0.0
206 silly packumentCache full:https://registry.npmjs.org/escape-string-regexp cache-miss
207 http fetch GET 200 https://registry.npmjs.org/strip-json-comments 70ms (cache miss)
208 silly packumentCache full:https://registry.npmjs.org/strip-json-comments set size:undefined disposed:false
209 silly fetch manifest serialize-javascript@^6.0.2
210 silly packumentCache full:https://registry.npmjs.org/serialize-javascript cache-miss
211 http fetch GET 200 https://registry.npmjs.org/find-up 323ms (cache miss)
212 silly packumentCache full:https://registry.npmjs.org/find-up set size:undefined disposed:false
213 silly fetch manifest @noble/ciphers@1.2.1
214 silly packumentCache full:https://registry.npmjs.org/@noble%2fciphers cache-miss
215 http fetch GET 200 https://registry.npmjs.org/picocolors 324ms (cache miss)
216 silly packumentCache full:https://registry.npmjs.org/picocolors set size:undefined disposed:false
217 silly fetch manifest @noble/hashes@1.7.1
218 silly packumentCache full:https://registry.npmjs.org/@noble%2fhashes cache-miss
219 http fetch GET 200 https://registry.npmjs.org/escape-string-regexp 69ms (cache miss)
220 silly packumentCache full:https://registry.npmjs.org/escape-string-regexp set size:undefined disposed:false
221 silly fetch manifest @ethersproject/address@5.8.0
222 silly packumentCache full:https://registry.npmjs.org/@ethersproject%2faddress cache-miss
223 http fetch GET 200 https://registry.npmjs.org/log-symbols 338ms (cache miss)
224 silly packumentCache full:https://registry.npmjs.org/log-symbols set size:undefined disposed:false
225 silly fetch manifest @nomicfoundation/solidity-analyzer@^0.1.1
226 silly packumentCache full:https://registry.npmjs.org/@nomicfoundation%2fsolidity-analyzer cache-miss
227 http fetch GET 200 https://registry.npmjs.org/workerpool 376ms (cache miss)
228 silly packumentCache full:https://registry.npmjs.org/workerpool set size:undefined disposed:false
229 silly fetch manifest cbor2@^2.0.0
230 silly packumentCache full:https://registry.npmjs.org/cbor2 cache-miss
231 http fetch GET 200 https://registry.npmjs.org/is-path-inside 308ms (cache miss)
232 silly packumentCache full:https://registry.npmjs.org/is-path-inside set size:undefined disposed:false
233 silly fetch manifest immer@11.1.15
234 silly packumentCache full:https://registry.npmjs.org/immer cache-miss
235 http fetch GET 200 https://registry.npmjs.org/browser-stdout 328ms (cache miss)
236 silly packumentCache full:https://registry.npmjs.org/browser-stdout set size:undefined disposed:false
237 silly fetch manifest lodash-es@4.18.1
238 silly packumentCache full:https://registry.npmjs.org/lodash-es cache-miss
239 http fetch GET 200 https://registry.npmjs.org/yargs-parser 343ms (cache miss)
240 silly packumentCache full:https://registry.npmjs.org/yargs-parser set size:undefined disposed:false
241 silly fetch manifest ndjson@2.0.0
242 silly packumentCache full:https://registry.npmjs.org/ndjson cache-miss
243 http fetch GET 200 https://registry.npmjs.org/yargs-unparser 325ms (cache miss)
244 silly packumentCache full:https://registry.npmjs.org/yargs-unparser set size:undefined disposed:false
245 silly fetch manifest @nomicfoundation/ignition-ui@^3.1.2
246 silly packumentCache full:https://registry.npmjs.org/@nomicfoundation%2fignition-ui cache-miss
247 http fetch GET 200 https://registry.npmjs.org/serialize-javascript 331ms (cache miss)
248 silly packumentCache full:https://registry.npmjs.org/serialize-javascript set size:undefined disposed:false
249 silly fetch manifest prompts@^2.4.2
250 silly packumentCache full:https://registry.npmjs.org/prompts cache-miss
251 http fetch GET 200 https://registry.npmjs.org/prompts 77ms (cache miss)
252 silly packumentCache full:https://registry.npmjs.org/prompts set size:undefined disposed:false
253 silly fetch manifest json5@^2.2.3
254 silly packumentCache full:https://registry.npmjs.org/json5 cache-miss
255 http fetch GET 200 https://registry.npmjs.org/@noble%2fhashes 386ms (cache miss)
256 silly packumentCache full:https://registry.npmjs.org/@noble%2fhashes set size:undefined disposed:false
257 silly fetch manifest @ethersproject/abi@^5.8.0
258 silly packumentCache full:https://registry.npmjs.org/@ethersproject%2fabi cache-miss
259 http fetch GET 200 https://registry.npmjs.org/cbor2 339ms (cache miss)
260 silly packumentCache full:https://registry.npmjs.org/cbor2 set size:undefined disposed:false
261 silly fetch manifest @types/chai-as-promised@^8.0.1
262 silly packumentCache full:https://registry.npmjs.org/@types%2fchai-as-promised cache-miss
263 http fetch GET 200 https://registry.npmjs.org/lodash-es 327ms (cache miss)
264 silly packumentCache full:https://registry.npmjs.org/lodash-es set size:undefined disposed:false
265 silly fetch manifest chai-as-promised@^8.0.0
266 silly packumentCache full:https://registry.npmjs.org/chai-as-promised cache-miss
267 http fetch GET 200 https://registry.npmjs.org/ndjson 318ms (cache miss)
268 silly packumentCache full:https://registry.npmjs.org/ndjson set size:undefined disposed:false
269 silly fetch manifest deep-eql@^5.0.1
270 silly packumentCache full:https://registry.npmjs.org/deep-eql cache-miss
271 http fetch GET 200 https://registry.npmjs.org/json5 93ms (cache miss)
272 silly packumentCache full:https://registry.npmjs.org/json5 set size:undefined disposed:false
273 silly fetch manifest @adraffy/ens-normalize@1.11.1
274 silly packumentCache full:https://registry.npmjs.org/@adraffy%2fens-normalize cache-miss
275 http fetch GET 200 https://registry.npmjs.org/immer 389ms (cache miss)
276 silly packumentCache full:https://registry.npmjs.org/immer set size:undefined disposed:false
277 silly fetch manifest @noble/curves@1.2.0
278 silly packumentCache full:https://registry.npmjs.org/@noble%2fcurves cache-miss
279 http fetch GET 200 https://registry.npmjs.org/@adraffy%2fens-normalize 86ms (cache miss)
280 silly packumentCache full:https://registry.npmjs.org/@adraffy%2fens-normalize set size:undefined disposed:false
281 silly fetch manifest @noble/hashes@1.3.2
282 silly packumentCache full:https://registry.npmjs.org/@noble%2fhashes cache-miss
283 http cache https://registry.npmjs.org/@noble%2fhashes 4ms (cache hit)
284 silly packumentCache full:https://registry.npmjs.org/@noble%2fhashes set size:221571 disposed:false
285 silly fetch manifest @types/node@22.7.5
286 silly packumentCache full:https://registry.npmjs.org/@types%2fnode cache-miss
287 http fetch GET 200 https://registry.npmjs.org/@noble%2fcurves 86ms (cache miss)
288 silly packumentCache full:https://registry.npmjs.org/@noble%2fcurves set size:undefined disposed:false
289 silly fetch manifest aes-js@4.0.0-beta.5
290 silly packumentCache full:https://registry.npmjs.org/aes-js cache-miss
291 http fetch GET 200 https://registry.npmjs.org/aes-js 49ms (cache miss)
292 silly packumentCache full:https://registry.npmjs.org/aes-js set size:undefined disposed:false
293 silly fetch manifest tslib@2.7.0
294 silly packumentCache full:https://registry.npmjs.org/tslib cache-miss
295 http fetch GET 200 https://registry.npmjs.org/tslib 82ms (cache miss)
296 silly packumentCache full:https://registry.npmjs.org/tslib set size:undefined disposed:false
297 silly fetch manifest ws@8.21.0
298 silly packumentCache full:https://registry.npmjs.org/ws cache-miss
299 http fetch GET 200 https://registry.npmjs.org/@noble%2fciphers 917ms (cache miss)
300 silly packumentCache full:https://registry.npmjs.org/@noble%2fciphers set size:undefined disposed:false
301 silly fetch manifest @nomicfoundation/hardhat-errors@^3.0.17
302 silly packumentCache full:https://registry.npmjs.org/@nomicfoundation%2fhardhat-errors cache-miss
303 http cache https://registry.npmjs.org/@nomicfoundation%2fhardhat-errors 3ms (cache hit)
304 silly packumentCache full:https://registry.npmjs.org/@nomicfoundation%2fhardhat-errors set size:186037 disposed:false
305 silly fetch manifest @nomicfoundation/hardhat-utils@^4.1.5
306 silly packumentCache full:https://registry.npmjs.org/@nomicfoundation%2fhardhat-utils cache-miss
307 http cache https://registry.npmjs.org/@nomicfoundation%2fhardhat-utils 2ms (cache hit)
308 silly packumentCache full:https://registry.npmjs.org/@nomicfoundation%2fhardhat-utils set size:242204 disposed:false
309 silly fetch manifest ethereum-cryptography@^2.2.1
310 silly packumentCache full:https://registry.npmjs.org/ethereum-cryptography cache-miss
311 http fetch GET 200 https://registry.npmjs.org/deep-eql 481ms (cache miss)
312 silly packumentCache full:https://registry.npmjs.org/deep-eql set size:undefined disposed:false
313 silly fetch manifest ws@^8.21.1
314 silly packumentCache full:https://registry.npmjs.org/ws cache-miss
315 http fetch GET 200 https://registry.npmjs.org/chai-as-promised 485ms (cache miss)
316 silly packumentCache full:https://registry.npmjs.org/chai-as-promised set size:undefined disposed:false
317 silly fetch manifest p-map@^7.0.6
318 silly packumentCache full:https://registry.npmjs.org/p-map cache-miss
319 http fetch GET 200 https://registry.npmjs.org/@ethersproject%2faddress 913ms (cache miss)
320 silly packumentCache full:https://registry.npmjs.org/@ethersproject%2faddress set size:undefined disposed:false
321 silly fetch manifest semver@^7.8.5
322 silly packumentCache full:https://registry.npmjs.org/semver cache-miss
323 http fetch GET 200 https://registry.npmjs.org/@nomicfoundation%2fsolidity-analyzer 902ms (cache miss)
324 silly packumentCache full:https://registry.npmjs.org/@nomicfoundation%2fsolidity-analyzer set size:undefined disposed:false
325 silly fetch manifest adm-zip@^0.6.0
326 silly packumentCache full:https://registry.npmjs.org/adm-zip cache-miss
327 http fetch GET 200 https://registry.npmjs.org/@nomicfoundation%2fignition-ui 813ms (cache miss)
328 silly packumentCache full:https://registry.npmjs.org/@nomicfoundation%2fignition-ui set size:undefined disposed:false
329 silly fetch manifest chokidar@^5.0.0
330 silly packumentCache full:https://registry.npmjs.org/chokidar cache-miss
331 http cache https://registry.npmjs.org/chokidar 2ms (cache hit)
332 silly packumentCache full:https://registry.npmjs.org/chokidar set size:255902 disposed:false
333 silly fetch manifest enquirer@^2.3.0
334 silly packumentCache full:https://registry.npmjs.org/enquirer cache-miss
335 http fetch GET 200 https://registry.npmjs.org/semver 140ms (cache miss)
336 silly packumentCache full:https://registry.npmjs.org/semver set size:undefined disposed:false
337 silly fetch manifest @sentry/core@^9.4.0
338 silly packumentCache full:https://registry.npmjs.org/@sentry%2fcore cache-miss
339 http fetch GET 200 https://registry.npmjs.org/@types%2fchai-as-promised 676ms (cache miss)
340 silly packumentCache full:https://registry.npmjs.org/@types%2fchai-as-promised set size:undefined disposed:false
341 silly fetch manifest resolve.exports@^2.0.3
342 silly packumentCache full:https://registry.npmjs.org/resolve.exports cache-miss
343 http fetch GET 200 https://registry.npmjs.org/ws 254ms (cache miss)
344 silly packumentCache full:https://registry.npmjs.org/ws set size:undefined disposed:false
345 silly fetch manifest micro-eth-signer@^0.14.0
346 silly packumentCache full:https://registry.npmjs.org/micro-eth-signer cache-miss
347 http fetch GET 200 https://registry.npmjs.org/ws 477ms (cache miss)
348 silly packumentCache full:https://registry.npmjs.org/ws set size:undefined disposed:false
349 silly fetch manifest @nomicfoundation/edr@0.15.0
350 silly packumentCache full:https://registry.npmjs.org/@nomicfoundation%2fedr cache-miss
351 http fetch GET 200 https://registry.npmjs.org/enquirer 240ms (cache miss)
352 silly packumentCache full:https://registry.npmjs.org/enquirer set size:undefined disposed:false
353 silly fetch manifest ethereum-cryptography@^2.2.1
354 silly packumentCache full:https://registry.npmjs.org/ethereum-cryptography cache-miss
355 http fetch GET 200 https://registry.npmjs.org/@types%2fnode 725ms (cache miss)
356 silly packumentCache full:https://registry.npmjs.org/@types%2fnode set size:undefined disposed:false
357 silly fetch manifest @nomicfoundation/hardhat-utils@^4.1.6
358 silly packumentCache full:https://registry.npmjs.org/@nomicfoundation%2fhardhat-utils cache-hit
359 silly fetch manifest @nomicfoundation/hardhat-vendored@^3.0.4
360 silly packumentCache full:https://registry.npmjs.org/@nomicfoundation%2fhardhat-vendored cache-miss
361 http fetch GET 200 https://registry.npmjs.org/resolve.exports 248ms (cache miss)
362 silly packumentCache full:https://registry.npmjs.org/resolve.exports set size:undefined disposed:false
363 http fetch GET 200 https://registry.npmjs.org/p-map 430ms (cache miss)
364 silly packumentCache full:https://registry.npmjs.org/p-map set size:undefined disposed:false
365 http fetch GET 200 https://registry.npmjs.org/@ethersproject%2fabi 941ms (cache miss)
366 silly packumentCache full:https://registry.npmjs.org/@ethersproject%2fabi set size:undefined disposed:false
367 http fetch GET 200 https://registry.npmjs.org/ethereum-cryptography 449ms (cache miss)
368 silly packumentCache full:https://registry.npmjs.org/ethereum-cryptography set size:undefined disposed:false
369 http fetch GET 200 https://registry.npmjs.org/adm-zip 405ms (cache miss)
370 silly packumentCache full:https://registry.npmjs.org/adm-zip set size:undefined disposed:false
371 http fetch GET 200 https://registry.npmjs.org/ethereum-cryptography 80ms (cache miss)
372 silly packumentCache full:https://registry.npmjs.org/ethereum-cryptography set size:undefined disposed:false
373 http fetch GET 200 https://registry.npmjs.org/micro-eth-signer 366ms (cache miss)
374 silly packumentCache full:https://registry.npmjs.org/micro-eth-signer set size:undefined disposed:false
375 http fetch GET 200 https://registry.npmjs.org/@nomicfoundation%2fedr 814ms (cache miss)
376 silly packumentCache full:https://registry.npmjs.org/@nomicfoundation%2fedr set size:undefined disposed:false
377 http fetch GET 200 https://registry.npmjs.org/@sentry%2fcore 1067ms (cache miss)
378 silly packumentCache full:https://registry.npmjs.org/@sentry%2fcore set size:undefined disposed:false
379 http fetch GET 200 https://registry.npmjs.org/@nomicfoundation%2fhardhat-vendored 979ms (cache miss)
380 silly packumentCache full:https://registry.npmjs.org/@nomicfoundation%2fhardhat-vendored set size:undefined disposed:false
381 silly placeDep ROOT @nomicfoundation/hardhat-errors@3.0.18 OK for: @nomicfoundation/hardhat-ethers@4.0.15 want: ^3.0.17
382 silly placeDep ROOT @nomicfoundation/hardhat-utils@4.1.7 OK for: @nomicfoundation/hardhat-ethers@4.0.15 want: ^4.1.5
383 silly placeDep ROOT @nomicfoundation/hardhat-zod-utils@3.0.5 OK for: @nomicfoundation/hardhat-ethers@4.0.15 want: ^3.0.5
384 silly placeDep ROOT zod@3.25.76 OK for: @nomicfoundation/hardhat-zod-utils@3.0.5 want: ^3.23.8
385 silly placeDep ROOT ethereum-cryptography@2.2.1 OK for: @nomicfoundation/hardhat-ethers@4.0.15 want: ^2.2.1
386 silly fetch manifest @streamparser/json-node@^0.0.22
387 silly packumentCache full:https://registry.npmjs.org/@streamparser%2fjson-node cache-miss
388 silly fetch manifest env-paths@^4.0.0
389 silly packumentCache full:https://registry.npmjs.org/env-paths cache-miss
390 silly fetch manifest fast-equals@^5.4.0
391 silly packumentCache full:https://registry.npmjs.org/fast-equals cache-miss
392 silly fetch manifest json-stream-stringify@^3.1.7
393 silly packumentCache full:https://registry.npmjs.org/json-stream-stringify cache-miss
394 silly fetch manifest rfdc@^1.3.1
395 silly packumentCache full:https://registry.npmjs.org/rfdc cache-miss
396 silly fetch manifest undici@^6.27.0
397 silly packumentCache full:https://registry.npmjs.org/undici cache-miss
398 silly fetch manifest @scure/bip32@1.4.0
399 silly packumentCache full:https://registry.npmjs.org/@scure%2fbip32 cache-miss
400 silly fetch manifest @scure/bip39@1.3.0
401 silly packumentCache full:https://registry.npmjs.org/@scure%2fbip39 cache-miss
402 silly fetch manifest @noble/curves@1.4.2
403 silly packumentCache full:https://registry.npmjs.org/@noble%2fcurves cache-miss
404 silly fetch manifest @noble/hashes@1.4.0
405 silly packumentCache full:https://registry.npmjs.org/@noble%2fhashes cache-hit
406 http cache https://registry.npmjs.org/@noble%2fcurves 5ms (cache hit)
407 silly packumentCache full:https://registry.npmjs.org/@noble%2fcurves set size:314007 disposed:false
408 http fetch GET 200 https://registry.npmjs.org/rfdc 336ms (cache miss)
409 silly packumentCache full:https://registry.npmjs.org/rfdc set size:undefined disposed:false
410 http fetch GET 200 https://registry.npmjs.org/env-paths 337ms (cache miss)
411 silly packumentCache full:https://registry.npmjs.org/env-paths set size:undefined disposed:false
412 http fetch GET 200 https://registry.npmjs.org/fast-equals 353ms (cache miss)
413 silly packumentCache full:https://registry.npmjs.org/fast-equals set size:undefined disposed:false
414 http fetch GET 200 https://registry.npmjs.org/json-stream-stringify 419ms (cache miss)
415 silly packumentCache full:https://registry.npmjs.org/json-stream-stringify set size:undefined disposed:false
416 http fetch GET 200 https://registry.npmjs.org/undici 474ms (cache miss)
417 silly packumentCache full:https://registry.npmjs.org/undici set size:undefined disposed:false
418 http fetch GET 200 https://registry.npmjs.org/@streamparser%2fjson-node 798ms (cache miss)
419 silly packumentCache full:https://registry.npmjs.org/@streamparser%2fjson-node set size:undefined disposed:false
420 http fetch GET 200 https://registry.npmjs.org/@scure%2fbip39 801ms (cache miss)
421 silly packumentCache full:https://registry.npmjs.org/@scure%2fbip39 set size:undefined disposed:false
422 http fetch GET 200 https://registry.npmjs.org/@scure%2fbip32 803ms (cache miss)
423 silly packumentCache full:https://registry.npmjs.org/@scure%2fbip32 set size:undefined disposed:false
424 silly placeDep ROOT @types/chai-as-promised@8.0.2 OK for: @nomicfoundation/hardhat-ethers-chai-matchers@3.0.11 want: ^8.0.1
425 silly placeDep ROOT chai-as-promised@8.0.2 OK for: @nomicfoundation/hardhat-ethers-chai-matchers@3.0.11 want: ^8.0.0
426 silly placeDep ROOT deep-eql@5.0.2 OK for: @nomicfoundation/hardhat-ethers-chai-matchers@3.0.11 want: ^5.0.1
427 silly fetch manifest @types/chai@*
428 silly packumentCache full:https://registry.npmjs.org/@types%2fchai cache-miss
429 silly fetch manifest check-error@^2.1.1
430 silly packumentCache full:https://registry.npmjs.org/check-error cache-miss
431 http fetch GET 200 https://registry.npmjs.org/check-error 365ms (cache miss)
432 silly packumentCache full:https://registry.npmjs.org/check-error set size:undefined disposed:false
433 http fetch GET 200 https://registry.npmjs.org/@types%2fchai 630ms (cache miss)
434 silly packumentCache full:https://registry.npmjs.org/@types%2fchai set size:undefined disposed:false
435 silly placeDep ROOT @nomicfoundation/ignition-ui@3.1.2 OK for: @nomicfoundation/hardhat-ignition@3.1.8 want: ^3.1.2
436 silly placeDep ROOT json5@2.2.3 OK for: @nomicfoundation/hardhat-ignition@3.1.8 want: ^2.2.3
437 silly placeDep ROOT prompts@2.4.2 OK for: @nomicfoundation/hardhat-ignition@3.1.8 want: ^2.4.2
438 silly fetch manifest kleur@^3.0.3
439 silly packumentCache full:https://registry.npmjs.org/kleur cache-miss
440 silly fetch manifest sisteransi@^1.0.5
441 silly packumentCache full:https://registry.npmjs.org/sisteransi cache-miss
442 http fetch GET 200 https://registry.npmjs.org/sisteransi 52ms (cache miss)
443 silly packumentCache full:https://registry.npmjs.org/sisteransi set size:undefined disposed:false
444 http fetch GET 200 https://registry.npmjs.org/kleur 63ms (cache miss)
445 silly packumentCache full:https://registry.npmjs.org/kleur set size:undefined disposed:false
446 silly placeDep ROOT @noble/ciphers@1.2.1 OK for: @nomicfoundation/hardhat-keystore@3.0.12 want: 1.2.1
447 silly placeDep ROOT @noble/hashes@1.7.1 OK for: @nomicfoundation/hardhat-keystore@3.0.12 want: 1.7.1
448 silly placeDep ROOT tsx@4.23.9 OK for: @nomicfoundation/hardhat-mocha@3.1.0 want: ^4.23.1
449 silly fetch manifest esbuild@~0.28.0
450 silly packumentCache full:https://registry.npmjs.org/esbuild cache-miss
451 silly fetch manifest fsevents@~2.3.3
452 silly packumentCache full:https://registry.npmjs.org/fsevents cache-miss
453 http fetch GET 200 https://registry.npmjs.org/fsevents 86ms (cache miss)
454 silly packumentCache full:https://registry.npmjs.org/fsevents set size:undefined disposed:false
455 http fetch GET 200 https://registry.npmjs.org/esbuild 426ms (cache miss)
456 silly packumentCache full:https://registry.npmjs.org/esbuild set size:undefined disposed:false
457 silly fetch manifest typescript@>=4.3.0
458 silly packumentCache full:https://registry.npmjs.org/typescript cache-miss
459 http cache https://registry.npmjs.org/typescript 27ms (cache hit)
460 silly packumentCache full:https://registry.npmjs.org/typescript set size:15518138 disposed:false
461 silly placeDep ROOT @typechain/ethers-v6@0.5.1 OK for: @nomicfoundation/hardhat-typechain@3.1.1 want: ^0.5.0
462 silly placeDep ROOT typechain@8.3.2 OK for: @typechain/ethers-v6@0.5.1 want: ^8.3.2
463 silly fetch manifest lodash@^4.17.15
464 silly packumentCache full:https://registry.npmjs.org/lodash cache-miss
465 silly fetch manifest ts-essentials@^7.0.1
466 silly packumentCache full:https://registry.npmjs.org/ts-essentials cache-miss
467 silly fetch manifest @types/prettier@^2.1.1
468 silly packumentCache full:https://registry.npmjs.org/@types%2fprettier cache-miss
469 silly fetch manifest debug@^4.3.1
470 silly packumentCache full:https://registry.npmjs.org/debug cache-miss
471 silly fetch manifest fs-extra@^7.0.0
472 silly packumentCache full:https://registry.npmjs.org/fs-extra cache-miss
473 silly fetch manifest glob@7.1.7
474 silly packumentCache full:https://registry.npmjs.org/glob cache-miss
475 silly fetch manifest js-sha3@^0.8.0
476 silly packumentCache full:https://registry.npmjs.org/js-sha3 cache-miss
477 silly fetch manifest lodash@^4.17.15
478 silly packumentCache full:https://registry.npmjs.org/lodash cache-miss
479 silly fetch manifest mkdirp@^1.0.4
480 silly packumentCache full:https://registry.npmjs.org/mkdirp cache-miss
481 silly fetch manifest ts-command-line-args@^2.2.0
482 silly packumentCache full:https://registry.npmjs.org/ts-command-line-args cache-miss
483 http cache https://registry.npmjs.org/debug 4ms (cache hit)
484 silly packumentCache full:https://registry.npmjs.org/debug set size:195840 disposed:false
485 silly fetch manifest prettier@^2.3.1
486 silly packumentCache full:https://registry.npmjs.org/prettier cache-miss
487 http cache https://registry.npmjs.org/glob 4ms (cache hit)
488 silly packumentCache full:https://registry.npmjs.org/glob set size:469465 disposed:false
489 silly fetch manifest ts-essentials@^7.0.1
490 silly packumentCache full:https://registry.npmjs.org/ts-essentials cache-miss
491 http fetch GET 200 https://registry.npmjs.org/mkdirp 128ms (cache miss)
492 silly packumentCache full:https://registry.npmjs.org/mkdirp set size:undefined disposed:false
493 http fetch GET 200 https://registry.npmjs.org/fs-extra 152ms (cache miss)
494 silly packumentCache full:https://registry.npmjs.org/fs-extra set size:undefined disposed:false
495 http fetch GET 200 https://registry.npmjs.org/prettier 202ms (cache miss)
496 silly packumentCache full:https://registry.npmjs.org/prettier set size:undefined disposed:false
497 http fetch GET 200 https://registry.npmjs.org/ts-command-line-args 346ms (cache miss)
498 silly packumentCache full:https://registry.npmjs.org/ts-command-line-args set size:undefined disposed:false
499 http fetch GET 200 https://registry.npmjs.org/js-sha3 371ms (cache miss)
500 silly packumentCache full:https://registry.npmjs.org/js-sha3 set size:undefined disposed:false
501 http fetch GET 200 https://registry.npmjs.org/lodash 381ms (cache miss)
502 silly packumentCache full:https://registry.npmjs.org/lodash set size:undefined disposed:false
503 http fetch GET 200 https://registry.npmjs.org/lodash 404ms (cache miss)
504 silly packumentCache full:https://registry.npmjs.org/lodash set size:undefined disposed:false
505 http fetch GET 200 https://registry.npmjs.org/ts-essentials 401ms (cache miss)
506 silly packumentCache full:https://registry.npmjs.org/ts-essentials set size:undefined disposed:false
507 http fetch GET 200 https://registry.npmjs.org/ts-essentials 420ms (cache miss)
508 silly packumentCache full:https://registry.npmjs.org/ts-essentials set size:undefined disposed:false
509 http fetch GET 200 https://registry.npmjs.org/@types%2fprettier 620ms (cache miss)
510 silly packumentCache full:https://registry.npmjs.org/@types%2fprettier set size:undefined disposed:false
511 silly placeDep ROOT @streamparser/json-node@0.0.22 OK for: @nomicfoundation/hardhat-utils@4.1.7 want: ^0.0.22
512 silly placeDep ROOT env-paths@4.0.0 OK for: @nomicfoundation/hardhat-utils@4.1.7 want: ^4.0.0
513 silly placeDep ROOT fast-equals@5.4.1 OK for: @nomicfoundation/hardhat-utils@4.1.7 want: ^5.4.0
514 silly placeDep ROOT json-stream-stringify@3.1.7 OK for: @nomicfoundation/hardhat-utils@4.1.7 want: ^3.1.7
515 silly placeDep ROOT rfdc@1.4.1 OK for: @nomicfoundation/hardhat-utils@4.1.7 want: ^1.3.1
516 silly placeDep ROOT undici@6.28.0 OK for: @nomicfoundation/hardhat-utils@4.1.7 want: ^6.27.0
517 silly fetch manifest @streamparser/json@^0.0.22
518 silly packumentCache full:https://registry.npmjs.org/@streamparser%2fjson cache-miss
519 silly fetch manifest is-safe-filename@^0.1.0
520 silly packumentCache full:https://registry.npmjs.org/is-safe-filename cache-miss
521 http fetch GET 200 https://registry.npmjs.org/is-safe-filename 327ms (cache miss)
522 silly packumentCache full:https://registry.npmjs.org/is-safe-filename set size:undefined disposed:false
523 http fetch GET 200 https://registry.npmjs.org/@streamparser%2fjson 750ms (cache miss)
524 silly packumentCache full:https://registry.npmjs.org/@streamparser%2fjson set size:undefined disposed:false
525 silly placeDep ROOT @ethersproject/abi@5.8.0 OK for: @nomicfoundation/hardhat-verify@3.0.22 want: ^5.8.0
526 silly placeDep ROOT cbor2@2.3.0 OK for: @nomicfoundation/hardhat-verify@3.0.22 want: ^2.0.0
527 silly fetch manifest @ethersproject/address@^5.8.0
528 silly packumentCache full:https://registry.npmjs.org/@ethersproject%2faddress cache-miss
529 silly fetch manifest @ethersproject/bignumber@^5.8.0
530 silly packumentCache full:https://registry.npmjs.org/@ethersproject%2fbignumber cache-miss
531 silly fetch manifest @ethersproject/bytes@^5.8.0
532 silly packumentCache full:https://registry.npmjs.org/@ethersproject%2fbytes cache-miss
533 silly fetch manifest @ethersproject/constants@^5.8.0
534 silly packumentCache full:https://registry.npmjs.org/@ethersproject%2fconstants cache-miss
535 silly fetch manifest @ethersproject/hash@^5.8.0
536 silly packumentCache full:https://registry.npmjs.org/@ethersproject%2fhash cache-miss
537 silly fetch manifest @ethersproject/keccak256@^5.8.0
538 silly packumentCache full:https://registry.npmjs.org/@ethersproject%2fkeccak256 cache-miss
539 silly fetch manifest @ethersproject/logger@^5.8.0
540 silly packumentCache full:https://registry.npmjs.org/@ethersproject%2flogger cache-miss
541 silly fetch manifest @ethersproject/properties@^5.8.0
542 silly packumentCache full:https://registry.npmjs.org/@ethersproject%2fproperties cache-miss
543 silly fetch manifest @ethersproject/strings@^5.8.0
544 silly packumentCache full:https://registry.npmjs.org/@ethersproject%2fstrings cache-miss
545 silly fetch manifest @cto.af/wtf8@0.0.5
546 silly packumentCache full:https://registry.npmjs.org/@cto.af%2fwtf8 cache-miss
547 http cache https://registry.npmjs.org/@ethersproject%2faddress 6ms (cache hit)
548 silly packumentCache full:https://registry.npmjs.org/@ethersproject%2faddress set size:115316 disposed:false
549 http fetch GET 200 https://registry.npmjs.org/@ethersproject%2fhash 848ms (cache miss)
550 silly packumentCache full:https://registry.npmjs.org/@ethersproject%2fhash set size:undefined disposed:false
551 http fetch GET 200 https://registry.npmjs.org/@ethersproject%2fkeccak256 874ms (cache miss)
552 silly packumentCache full:https://registry.npmjs.org/@ethersproject%2fkeccak256 set size:undefined disposed:false
553 http fetch GET 200 https://registry.npmjs.org/@ethersproject%2fbytes 875ms (cache miss)
554 silly packumentCache full:https://registry.npmjs.org/@ethersproject%2fbytes set size:undefined disposed:false
555 http fetch GET 200 https://registry.npmjs.org/@ethersproject%2flogger 876ms (cache miss)
556 silly packumentCache full:https://registry.npmjs.org/@ethersproject%2flogger set size:undefined disposed:false
557 http fetch GET 200 https://registry.npmjs.org/@cto.af%2fwtf8 900ms (cache miss)
558 silly packumentCache full:https://registry.npmjs.org/@cto.af%2fwtf8 set size:undefined disposed:false
559 http fetch GET 200 https://registry.npmjs.org/@ethersproject%2fproperties 900ms (cache miss)
560 silly packumentCache full:https://registry.npmjs.org/@ethersproject%2fproperties set size:undefined disposed:false
561 http fetch GET 200 https://registry.npmjs.org/@ethersproject%2fstrings 902ms (cache miss)
562 silly packumentCache full:https://registry.npmjs.org/@ethersproject%2fstrings set size:undefined disposed:false
563 http fetch GET 200 https://registry.npmjs.org/@ethersproject%2fbignumber 906ms (cache miss)
564 silly packumentCache full:https://registry.npmjs.org/@ethersproject%2fbignumber set size:undefined disposed:false
565 http fetch GET 200 https://registry.npmjs.org/@ethersproject%2fconstants 917ms (cache miss)
566 silly packumentCache full:https://registry.npmjs.org/@ethersproject%2fconstants set size:undefined disposed:false
567 silly placeDep ROOT @ethersproject/address@5.8.0 OK for: @ethersproject/abi@5.8.0 want: ^5.8.0
568 silly placeDep ROOT @ethersproject/bignumber@5.8.0 OK for: @ethersproject/abi@5.8.0 want: ^5.8.0
569 silly placeDep ROOT @ethersproject/bytes@5.8.0 OK for: @ethersproject/abi@5.8.0 want: ^5.8.0
570 silly placeDep ROOT @ethersproject/constants@5.8.0 OK for: @ethersproject/abi@5.8.0 want: ^5.8.0
571 silly placeDep ROOT @ethersproject/hash@5.8.0 OK for: @ethersproject/abi@5.8.0 want: ^5.8.0
572 silly placeDep ROOT @ethersproject/keccak256@5.8.0 OK for: @ethersproject/abi@5.8.0 want: ^5.8.0
573 silly placeDep ROOT @ethersproject/logger@5.8.0 OK for: @ethersproject/abi@5.8.0 want: ^5.8.0
574 silly placeDep ROOT @ethersproject/properties@5.8.0 OK for: @ethersproject/abi@5.8.0 want: ^5.8.0
575 silly placeDep ROOT @ethersproject/strings@5.8.0 OK for: @ethersproject/abi@5.8.0 want: ^5.8.0
576 silly fetch manifest @ethersproject/rlp@^5.8.0
577 silly packumentCache full:https://registry.npmjs.org/@ethersproject%2frlp cache-miss
578 silly fetch manifest bn.js@^5.2.1
579 silly packumentCache full:https://registry.npmjs.org/bn.js cache-miss
580 silly fetch manifest @ethersproject/abstract-signer@^5.8.0
581 silly packumentCache full:https://registry.npmjs.org/@ethersproject%2fabstract-signer cache-miss
582 silly fetch manifest @ethersproject/base64@^5.8.0
583 silly packumentCache full:https://registry.npmjs.org/@ethersproject%2fbase64 cache-miss
584 silly fetch manifest js-sha3@0.8.0
585 silly packumentCache full:https://registry.npmjs.org/js-sha3 cache-miss
586 http cache https://registry.npmjs.org/js-sha3 4ms (cache hit)
587 silly packumentCache full:https://registry.npmjs.org/js-sha3 set size:53197 disposed:false
588 http fetch GET 200 https://registry.npmjs.org/bn.js 336ms (cache miss)
589 silly packumentCache full:https://registry.npmjs.org/bn.js set size:undefined disposed:false
590 http fetch GET 200 https://registry.npmjs.org/@ethersproject%2frlp 868ms (cache miss)
591 silly packumentCache full:https://registry.npmjs.org/@ethersproject%2frlp set size:undefined disposed:false
592 http fetch GET 200 https://registry.npmjs.org/@ethersproject%2fabstract-signer 868ms (cache miss)
593 silly packumentCache full:https://registry.npmjs.org/@ethersproject%2fabstract-signer set size:undefined disposed:false
594 http fetch GET 200 https://registry.npmjs.org/@ethersproject%2fbase64 892ms (cache miss)
595 silly packumentCache full:https://registry.npmjs.org/@ethersproject%2fbase64 set size:undefined disposed:false
596 silly placeDep ROOT @ethersproject/rlp@5.8.0 OK for: @ethersproject/address@5.8.0 want: ^5.8.0
597 silly placeDep ROOT bn.js@5.2.5 OK for: @ethersproject/bignumber@5.8.0 want: ^5.2.1
598 silly placeDep ROOT @ethersproject/abstract-signer@5.8.0 OK for: @ethersproject/hash@5.8.0 want: ^5.8.0
599 silly placeDep ROOT @ethersproject/base64@5.8.0 OK for: @ethersproject/hash@5.8.0 want: ^5.8.0
600 silly fetch manifest @ethersproject/abstract-provider@^5.8.0
601 silly packumentCache full:https://registry.npmjs.org/@ethersproject%2fabstract-provider cache-miss
602 http fetch GET 200 https://registry.npmjs.org/@ethersproject%2fabstract-provider 778ms (cache miss)
603 silly packumentCache full:https://registry.npmjs.org/@ethersproject%2fabstract-provider set size:undefined disposed:false
604 silly placeDep ROOT @ethersproject/abstract-provider@5.8.0 OK for: @ethersproject/abstract-signer@5.8.0 want: ^5.8.0
605 silly fetch manifest @ethersproject/networks@^5.8.0
606 silly packumentCache full:https://registry.npmjs.org/@ethersproject%2fnetworks cache-miss
607 silly fetch manifest @ethersproject/transactions@^5.8.0
608 silly packumentCache full:https://registry.npmjs.org/@ethersproject%2ftransactions cache-miss
609 silly fetch manifest @ethersproject/web@^5.8.0
610 silly packumentCache full:https://registry.npmjs.org/@ethersproject%2fweb cache-miss
611 http fetch GET 200 https://registry.npmjs.org/@ethersproject%2fnetworks 752ms (cache miss)
612 silly packumentCache full:https://registry.npmjs.org/@ethersproject%2fnetworks set size:undefined disposed:false
613 http fetch GET 200 https://registry.npmjs.org/@ethersproject%2fweb 783ms (cache miss)
614 silly packumentCache full:https://registry.npmjs.org/@ethersproject%2fweb set size:undefined disposed:false
615 http fetch GET 200 https://registry.npmjs.org/@ethersproject%2ftransactions 793ms (cache miss)
616 silly packumentCache full:https://registry.npmjs.org/@ethersproject%2ftransactions set size:undefined disposed:false
617 silly placeDep ROOT @ethersproject/networks@5.8.0 OK for: @ethersproject/abstract-provider@5.8.0 want: ^5.8.0
618 silly placeDep ROOT @ethersproject/transactions@5.8.0 OK for: @ethersproject/abstract-provider@5.8.0 want: ^5.8.0
619 silly placeDep ROOT @ethersproject/web@5.8.0 OK for: @ethersproject/abstract-provider@5.8.0 want: ^5.8.0
620 silly fetch manifest @ethersproject/signing-key@^5.8.0
621 silly packumentCache full:https://registry.npmjs.org/@ethersproject%2fsigning-key cache-miss
622 http fetch GET 200 https://registry.npmjs.org/@ethersproject%2fsigning-key 1080ms (cache miss)
623 silly packumentCache full:https://registry.npmjs.org/@ethersproject%2fsigning-key set size:undefined disposed:false
624 silly placeDep ROOT js-sha3@0.8.0 OK for: @ethersproject/keccak256@5.8.0 want: 0.8.0
625 silly placeDep ROOT @ethersproject/signing-key@5.8.0 OK for: @ethersproject/transactions@5.8.0 want: ^5.8.0
626 silly fetch manifest elliptic@6.6.1
627 silly packumentCache full:https://registry.npmjs.org/elliptic cache-miss
628 silly fetch manifest hash.js@1.1.7
629 silly packumentCache full:https://registry.npmjs.org/hash.js cache-miss
630 http fetch GET 200 https://registry.npmjs.org/hash.js 365ms (cache miss)
631 silly packumentCache full:https://registry.npmjs.org/hash.js set size:undefined disposed:false
632 http fetch GET 200 https://registry.npmjs.org/elliptic 367ms (cache miss)
633 silly packumentCache full:https://registry.npmjs.org/elliptic set size:undefined disposed:false
634 silly placeDep ROOT elliptic@6.6.1 OK for: @ethersproject/signing-key@5.8.0 want: 6.6.1
635 silly placeDep ROOT hash.js@1.1.7 OK for: @ethersproject/signing-key@5.8.0 want: 1.1.7
636 silly fetch manifest bn.js@^4.11.9
637 silly packumentCache full:https://registry.npmjs.org/bn.js cache-miss
638 silly fetch manifest brorand@^1.1.0
639 silly packumentCache full:https://registry.npmjs.org/brorand cache-miss
640 silly fetch manifest hash.js@^1.0.0
641 silly packumentCache full:https://registry.npmjs.org/hash.js cache-miss
642 silly fetch manifest hmac-drbg@^1.0.1
643 silly packumentCache full:https://registry.npmjs.org/hmac-drbg cache-miss
644 silly fetch manifest inherits@^2.0.4
645 silly packumentCache full:https://registry.npmjs.org/inherits cache-miss
646 silly fetch manifest minimalistic-assert@^1.0.1
647 silly packumentCache full:https://registry.npmjs.org/minimalistic-assert cache-miss
648 silly fetch manifest minimalistic-crypto-utils@^1.0.1
649 silly packumentCache full:https://registry.npmjs.org/minimalistic-crypto-utils cache-miss
650 silly fetch manifest inherits@^2.0.3
651 silly packumentCache full:https://registry.npmjs.org/inherits cache-miss
652 silly fetch manifest minimalistic-assert@^1.0.1
653 silly packumentCache full:https://registry.npmjs.org/minimalistic-assert cache-miss
654 http cache https://registry.npmjs.org/hash.js 5ms (cache hit)
655 silly packumentCache full:https://registry.npmjs.org/hash.js set size:30755 disposed:false
656 http cache https://registry.npmjs.org/bn.js 6ms (cache hit)
657 silly packumentCache full:https://registry.npmjs.org/bn.js set size:196249 disposed:false
658 http fetch GET 200 https://registry.npmjs.org/inherits 89ms (cache miss)
659 silly packumentCache full:https://registry.npmjs.org/inherits set size:undefined disposed:false
660 http fetch GET 200 https://registry.npmjs.org/inherits 90ms (cache miss)
661 silly packumentCache full:https://registry.npmjs.org/inherits set size:undefined disposed:false
662 http fetch GET 200 https://registry.npmjs.org/minimalistic-crypto-utils 389ms (cache miss)
663 silly packumentCache full:https://registry.npmjs.org/minimalistic-crypto-utils set size:undefined disposed:false
664 http fetch GET 200 https://registry.npmjs.org/minimalistic-assert 389ms (cache miss)
665 silly packumentCache full:https://registry.npmjs.org/minimalistic-assert set size:undefined disposed:false
666 http fetch GET 200 https://registry.npmjs.org/hmac-drbg 389ms (cache miss)
667 silly packumentCache full:https://registry.npmjs.org/hmac-drbg set size:undefined disposed:false
668 http fetch GET 200 https://registry.npmjs.org/brorand 390ms (cache miss)
669 silly packumentCache full:https://registry.npmjs.org/brorand set size:undefined disposed:false
670 http fetch GET 200 https://registry.npmjs.org/minimalistic-assert 390ms (cache miss)
671 silly packumentCache full:https://registry.npmjs.org/minimalistic-assert set size:undefined disposed:false
672 silly placeDep ROOT @nomicfoundation/solidity-analyzer@0.1.2 OK for: @nomicfoundation/ignition-core@3.1.9 want: ^0.1.1
673 silly placeDep ROOT immer@11.1.15 OK for: @nomicfoundation/ignition-core@3.1.9 want: 11.1.15
674 silly placeDep ROOT lodash-es@4.18.1 OK for: @nomicfoundation/ignition-core@3.1.9 want: 4.18.1
675 silly placeDep ROOT ndjson@2.0.0 OK for: @nomicfoundation/ignition-core@3.1.9 want: 2.0.0
676 silly fetch manifest @nomicfoundation/solidity-analyzer-darwin-x64@0.1.2
677 silly packumentCache full:https://registry.npmjs.org/@nomicfoundation%2fsolidity-analyzer-darwin-x64 cache-miss
678 silly fetch manifest @nomicfoundation/solidity-analyzer-darwin-arm64@0.1.2
679 silly packumentCache full:https://registry.npmjs.org/@nomicfoundation%2fsolidity-analyzer-darwin-arm64 cache-miss
680 silly fetch manifest @nomicfoundation/solidity-analyzer-linux-x64-gnu@0.1.2
681 silly packumentCache full:https://registry.npmjs.org/@nomicfoundation%2fsolidity-analyzer-linux-x64-gnu cache-miss
682 silly fetch manifest @nomicfoundation/solidity-analyzer-linux-x64-musl@0.1.2
683 silly packumentCache full:https://registry.npmjs.org/@nomicfoundation%2fsolidity-analyzer-linux-x64-musl cache-miss
684 silly fetch manifest @nomicfoundation/solidity-analyzer-win32-x64-msvc@0.1.2
685 silly packumentCache full:https://registry.npmjs.org/@nomicfoundation%2fsolidity-analyzer-win32-x64-msvc cache-miss
686 silly fetch manifest @nomicfoundation/solidity-analyzer-linux-arm64-gnu@0.1.2
687 silly packumentCache full:https://registry.npmjs.org/@nomicfoundation%2fsolidity-analyzer-linux-arm64-gnu cache-miss
688 silly fetch manifest @nomicfoundation/solidity-analyzer-linux-arm64-musl@0.1.2
689 silly packumentCache full:https://registry.npmjs.org/@nomicfoundation%2fsolidity-analyzer-linux-arm64-musl cache-miss
690 silly fetch manifest json-stringify-safe@^5.0.1
691 silly packumentCache full:https://registry.npmjs.org/json-stringify-safe cache-miss
692 silly fetch manifest minimist@^1.2.5
693 silly packumentCache full:https://registry.npmjs.org/minimist cache-miss
694 silly fetch manifest readable-stream@^3.6.0
695 silly packumentCache full:https://registry.npmjs.org/readable-stream cache-miss
696 http fetch GET 200 https://registry.npmjs.org/minimist 59ms (cache miss)
697 silly packumentCache full:https://registry.npmjs.org/minimist set size:undefined disposed:false
698 silly fetch manifest split2@^3.0.0
699 silly packumentCache full:https://registry.npmjs.org/split2 cache-miss
700 http fetch GET 200 https://registry.npmjs.org/json-stringify-safe 338ms (cache miss)
701 silly packumentCache full:https://registry.npmjs.org/json-stringify-safe set size:undefined disposed:false
702 silly fetch manifest through2@^4.0.0
703 silly packumentCache full:https://registry.npmjs.org/through2 cache-miss
704 http fetch GET 200 https://registry.npmjs.org/readable-stream 340ms (cache miss)
705 silly packumentCache full:https://registry.npmjs.org/readable-stream set size:undefined disposed:false
706 http fetch GET 200 https://registry.npmjs.org/split2 348ms (cache miss)
707 silly packumentCache full:https://registry.npmjs.org/split2 set size:undefined disposed:false
708 http fetch GET 200 https://registry.npmjs.org/through2 376ms (cache miss)
709 silly packumentCache full:https://registry.npmjs.org/through2 set size:undefined disposed:false
710 http fetch GET 200 https://registry.npmjs.org/@nomicfoundation%2fsolidity-analyzer-darwin-x64 747ms (cache miss)
711 silly packumentCache full:https://registry.npmjs.org/@nomicfoundation%2fsolidity-analyzer-darwin-x64 set size:undefined disposed:false
712 http fetch GET 200 https://registry.npmjs.org/@nomicfoundation%2fsolidity-analyzer-linux-arm64-gnu 754ms (cache miss)
713 silly packumentCache full:https://registry.npmjs.org/@nomicfoundation%2fsolidity-analyzer-linux-arm64-gnu set size:undefined disposed:false
714 http fetch GET 200 https://registry.npmjs.org/@nomicfoundation%2fsolidity-analyzer-linux-x64-musl 761ms (cache miss)
715 silly packumentCache full:https://registry.npmjs.org/@nomicfoundation%2fsolidity-analyzer-linux-x64-musl set size:undefined disposed:false
716 http fetch GET 200 https://registry.npmjs.org/@nomicfoundation%2fsolidity-analyzer-win32-x64-msvc 766ms (cache miss)
717 silly packumentCache full:https://registry.npmjs.org/@nomicfoundation%2fsolidity-analyzer-win32-x64-msvc set size:undefined disposed:false
718 http fetch GET 200 https://registry.npmjs.org/@nomicfoundation%2fsolidity-analyzer-linux-arm64-musl 773ms (cache miss)
719 silly packumentCache full:https://registry.npmjs.org/@nomicfoundation%2fsolidity-analyzer-linux-arm64-musl set size:undefined disposed:false
720 http fetch GET 200 https://registry.npmjs.org/@nomicfoundation%2fsolidity-analyzer-linux-x64-gnu 773ms (cache miss)
721 silly packumentCache full:https://registry.npmjs.org/@nomicfoundation%2fsolidity-analyzer-linux-x64-gnu set size:undefined disposed:false
722 http fetch GET 200 https://registry.npmjs.org/@nomicfoundation%2fsolidity-analyzer-darwin-arm64 773ms (cache miss)
723 silly packumentCache full:https://registry.npmjs.org/@nomicfoundation%2fsolidity-analyzer-darwin-arm64 set size:undefined disposed:false
724 silly placeDep ROOT @nomicfoundation/solidity-analyzer-darwin-arm64@0.1.2 OK for: @nomicfoundation/solidity-analyzer@0.1.2 want: 0.1.2
725 silly placeDep ROOT @nomicfoundation/solidity-analyzer-darwin-x64@0.1.2 OK for: @nomicfoundation/solidity-analyzer@0.1.2 want: 0.1.2
726 silly placeDep ROOT @nomicfoundation/solidity-analyzer-linux-arm64-gnu@0.1.2 OK for: @nomicfoundation/solidity-analyzer@0.1.2 want: 0.1.2
727 silly placeDep ROOT @nomicfoundation/solidity-analyzer-linux-arm64-musl@0.1.2 OK for: @nomicfoundation/solidity-analyzer@0.1.2 want: 0.1.2
728 silly placeDep ROOT @nomicfoundation/solidity-analyzer-linux-x64-gnu@0.1.2 OK for: @nomicfoundation/solidity-analyzer@0.1.2 want: 0.1.2
729 silly placeDep ROOT @nomicfoundation/solidity-analyzer-linux-x64-musl@0.1.2 OK for: @nomicfoundation/solidity-analyzer@0.1.2 want: 0.1.2
730 silly placeDep ROOT @nomicfoundation/solidity-analyzer-win32-x64-msvc@0.1.2 OK for: @nomicfoundation/solidity-analyzer@0.1.2 want: 0.1.2
731 silly placeDep ROOT @streamparser/json@0.0.22 OK for: @streamparser/json-node@0.0.22 want: ^0.0.22
732 silly fetch manifest typescript@>=4.7.0
733 silly packumentCache full:https://registry.npmjs.org/typescript cache-miss
734 http cache https://registry.npmjs.org/typescript 17ms (cache hit)
735 silly packumentCache full:https://registry.npmjs.org/typescript set size:15518138 disposed:false
736 silly placeDep ROOT lodash@4.18.1 OK for: @typechain/ethers-v6@0.5.1 want: ^4.17.15
737 silly placeDep ROOT ts-essentials@7.0.3 OK for: @typechain/ethers-v6@0.5.1 want: ^7.0.1
738 silly placeDep ROOT @types/chai@5.2.3 OK for: @types/chai-as-promised@8.0.2 want: *
739 silly fetch manifest @types/deep-eql@*
740 silly packumentCache full:https://registry.npmjs.org/@types%2fdeep-eql cache-miss
741 silly fetch manifest assertion-error@^2.0.1
742 silly packumentCache full:https://registry.npmjs.org/assertion-error cache-miss
743 http fetch GET 200 https://registry.npmjs.org/assertion-error 398ms (cache miss)
744 silly packumentCache full:https://registry.npmjs.org/assertion-error set size:undefined disposed:false
745 http fetch GET 200 https://registry.npmjs.org/@types%2fdeep-eql 698ms (cache miss)
746 silly packumentCache full:https://registry.npmjs.org/@types%2fdeep-eql set size:undefined disposed:false
747 silly placeDep ROOT @types/deep-eql@4.0.2 OK for: @types/chai@5.2.3 want: *
748 silly placeDep ROOT assertion-error@2.0.1 OK for: @types/chai@5.2.3 want: ^2.0.1
749 silly placeDep ROOT @cto.af/wtf8@0.0.5 OK for: cbor2@2.3.0 want: 0.0.5
750 silly placeDep ROOT check-error@2.1.3 OK for: chai-as-promised@8.0.2 want: ^2.1.1
751 silly placeDep node_modules/elliptic bn.js@4.12.5 OK for: elliptic@6.6.1 want: ^4.11.9
752 silly placeDep ROOT brorand@1.1.0 OK for: elliptic@6.6.1 want: ^1.1.0
753 silly placeDep ROOT hmac-drbg@1.0.1 OK for: elliptic@6.6.1 want: ^1.0.1
754 silly placeDep ROOT inherits@2.0.4 OK for: elliptic@6.6.1 want: ^2.0.4
755 silly placeDep ROOT minimalistic-assert@1.0.1 OK for: elliptic@6.6.1 want: ^1.0.1
756 silly placeDep ROOT minimalistic-crypto-utils@1.0.1 OK for: elliptic@6.6.1 want: ^1.0.1
757 silly fetch manifest minimalistic-assert@^1.0.0
758 silly packumentCache full:https://registry.npmjs.org/minimalistic-assert cache-miss
759 http cache https://registry.npmjs.org/minimalistic-assert 2ms (cache hit)
760 silly packumentCache full:https://registry.npmjs.org/minimalistic-assert set size:3465 disposed:false
761 silly placeDep ROOT is-safe-filename@0.1.1 OK for: env-paths@4.0.0 want: ^0.1.0
762 silly placeDep ROOT @noble/curves@1.4.2 OK for: ethereum-cryptography@2.2.1 want: 1.4.2
763 silly placeDep node_modules/ethereum-cryptography @noble/hashes@1.4.0 OK for: ethereum-cryptography@2.2.1 want: 1.4.0
764 silly placeDep ROOT @scure/bip32@1.4.0 OK for: ethereum-cryptography@2.2.1 want: 1.4.0
765 silly placeDep ROOT @scure/bip39@1.3.0 OK for: ethereum-cryptography@2.2.1 want: 1.3.0
766 silly fetch manifest @scure/base@~1.1.6
767 silly packumentCache full:https://registry.npmjs.org/@scure%2fbase cache-miss
768 silly fetch manifest @noble/hashes@~1.4.0
769 silly packumentCache full:https://registry.npmjs.org/@noble%2fhashes cache-hit
770 silly fetch manifest @scure/base@~1.1.6
771 silly packumentCache full:https://registry.npmjs.org/@scure%2fbase cache-miss
772 silly fetch manifest @noble/hashes@~1.4.0
773 silly packumentCache full:https://registry.npmjs.org/@noble%2fhashes cache-hit
774 http fetch GET 200 https://registry.npmjs.org/@scure%2fbase 822ms (cache miss)
775 silly packumentCache full:https://registry.npmjs.org/@scure%2fbase set size:undefined disposed:false
776 http fetch GET 200 https://registry.npmjs.org/@scure%2fbase 823ms (cache miss)
777 silly packumentCache full:https://registry.npmjs.org/@scure%2fbase set size:undefined disposed:false
778 silly placeDep node_modules/@noble/curves @noble/hashes@1.4.0 OK for: @noble/curves@1.4.2 want: 1.4.0
779 silly placeDep node_modules/@scure/bip32 @noble/hashes@1.4.0 OK for: @scure/bip32@1.4.0 want: ~1.4.0
780 silly placeDep ROOT @scure/base@1.1.9 OK for: @scure/bip32@1.4.0 want: ~1.1.6
781 silly placeDep node_modules/@scure/bip39 @noble/hashes@1.4.0 OK for: @scure/bip39@1.3.0 want: ~1.4.0
782 silly fetch manifest bufferutil@^4.0.1
783 silly packumentCache full:https://registry.npmjs.org/bufferutil cache-miss
784 http fetch GET 200 https://registry.npmjs.org/bufferutil 339ms (cache miss)
785 silly packumentCache full:https://registry.npmjs.org/bufferutil set size:undefined disposed:false
786 silly fetch manifest utf-8-validate@>=5.0.2
787 silly packumentCache full:https://registry.npmjs.org/utf-8-validate cache-miss
788 http fetch GET 200 https://registry.npmjs.org/utf-8-validate 441ms (cache miss)
789 silly packumentCache full:https://registry.npmjs.org/utf-8-validate set size:undefined disposed:false
790 silly placeDep ROOT @adraffy/ens-normalize@1.11.1 OK for: ethers@6.17.0 want: 1.11.1
791 silly placeDep node_modules/ethers @noble/curves@1.2.0 OK for: ethers@6.17.0 want: 1.2.0
792 silly placeDep node_modules/ethers @noble/hashes@1.3.2 OK for: ethers@6.17.0 want: 1.3.2
793 silly placeDep ROOT @types/node@22.7.5 OK for: ethers@6.17.0 want: 22.7.5
794 silly placeDep ROOT aes-js@4.0.0-beta.5 OK for: ethers@6.17.0 want: 4.0.0-beta.5
795 silly placeDep ROOT tslib@2.7.0 OK for: ethers@6.17.0 want: 2.7.0
796 silly placeDep ROOT ws@8.21.0 OK for: ethers@6.17.0 want: 8.21.0
797 silly fetch manifest undici-types@~6.19.2
798 silly packumentCache full:https://registry.npmjs.org/undici-types cache-miss
799 http fetch GET 200 https://registry.npmjs.org/undici-types 350ms (cache miss)
800 silly packumentCache full:https://registry.npmjs.org/undici-types set size:undefined disposed:false
801 silly placeDep ROOT undici-types@6.19.8 OK for: @types/node@22.7.5 want: ~6.19.2
802 silly placeDep ROOT @nomicfoundation/edr@0.15.0 OK for: hardhat@3.12.0 want: 0.15.0
803 silly placeDep ROOT @nomicfoundation/hardhat-vendored@3.0.4 OK for: hardhat@3.12.0 want: ^3.0.4
804 silly placeDep ROOT @sentry/core@9.47.1 OK for: hardhat@3.12.0 want: ^9.4.0
805 silly placeDep ROOT adm-zip@0.6.0 OK for: hardhat@3.12.0 want: ^0.6.0
806 silly placeDep ROOT chokidar@5.0.0 OK for: hardhat@3.12.0 want: ^5.0.0
807 silly placeDep ROOT enquirer@2.4.1 OK for: hardhat@3.12.0 want: ^2.3.0
808 silly placeDep ROOT micro-eth-signer@0.14.0 OK for: hardhat@3.12.0 want: ^0.14.0
809 silly placeDep ROOT p-map@7.0.6 OK for: hardhat@3.12.0 want: ^7.0.6
810 silly placeDep ROOT resolve.exports@2.0.3 OK for: hardhat@3.12.0 want: ^2.0.3
811 silly placeDep ROOT semver@7.8.5 OK for: hardhat@3.12.0 want: ^7.8.5
812 silly placeDep node_modules/hardhat ws@8.21.2 OK for: hardhat@3.12.0 want: ^8.21.1
813 silly fetch manifest @nomicfoundation/edr-darwin-arm64@0.15.0
814 silly packumentCache full:https://registry.npmjs.org/@nomicfoundation%2fedr-darwin-arm64 cache-miss
815 silly fetch manifest @nomicfoundation/edr-darwin-x64@0.15.0
816 silly packumentCache full:https://registry.npmjs.org/@nomicfoundation%2fedr-darwin-x64 cache-miss
817 silly fetch manifest @nomicfoundation/edr-linux-arm64-gnu@0.15.0
818 silly packumentCache full:https://registry.npmjs.org/@nomicfoundation%2fedr-linux-arm64-gnu cache-miss
819 silly fetch manifest @nomicfoundation/edr-linux-arm64-musl@0.15.0
820 silly packumentCache full:https://registry.npmjs.org/@nomicfoundation%2fedr-linux-arm64-musl cache-miss
821 silly fetch manifest @nomicfoundation/edr-linux-x64-gnu@0.15.0
822 silly packumentCache full:https://registry.npmjs.org/@nomicfoundation%2fedr-linux-x64-gnu cache-miss
823 silly fetch manifest @nomicfoundation/edr-linux-x64-musl@0.15.0
824 silly packumentCache full:https://registry.npmjs.org/@nomicfoundation%2fedr-linux-x64-musl cache-miss
825 silly fetch manifest @nomicfoundation/edr-win32-x64-msvc@0.15.0
826 silly packumentCache full:https://registry.npmjs.org/@nomicfoundation%2fedr-win32-x64-msvc cache-miss
827 silly fetch manifest readdirp@^5.0.0
828 silly packumentCache full:https://registry.npmjs.org/readdirp cache-miss
829 silly fetch manifest ansi-colors@^4.1.1
830 silly packumentCache full:https://registry.npmjs.org/ansi-colors cache-miss
831 silly fetch manifest strip-ansi@^6.0.1
832 silly packumentCache full:https://registry.npmjs.org/strip-ansi cache-miss
833 http fetch GET 200 https://registry.npmjs.org/readdirp 97ms (cache miss)
834 silly packumentCache full:https://registry.npmjs.org/readdirp set size:undefined disposed:false
835 silly fetch manifest micro-packed@~0.7.2
836 silly packumentCache full:https://registry.npmjs.org/micro-packed cache-miss
837 http fetch GET 200 https://registry.npmjs.org/ansi-colors 364ms (cache miss)
838 silly packumentCache full:https://registry.npmjs.org/ansi-colors set size:undefined disposed:false
839 silly fetch manifest @noble/curves@~1.8.1
840 silly packumentCache full:https://registry.npmjs.org/@noble%2fcurves cache-hit
841 http fetch GET 200 https://registry.npmjs.org/strip-ansi 368ms (cache miss)
842 silly packumentCache full:https://registry.npmjs.org/strip-ansi set size:undefined disposed:false
843 http fetch GET 200 https://registry.npmjs.org/micro-packed 354ms (cache miss)
844 silly packumentCache full:https://registry.npmjs.org/micro-packed set size:undefined disposed:false
845 http fetch GET 200 https://registry.npmjs.org/@nomicfoundation%2fedr-linux-arm64-gnu 781ms (cache miss)
846 silly packumentCache full:https://registry.npmjs.org/@nomicfoundation%2fedr-linux-arm64-gnu set size:undefined disposed:false
847 http fetch GET 200 https://registry.npmjs.org/@nomicfoundation%2fedr-darwin-arm64 789ms (cache miss)
848 silly packumentCache full:https://registry.npmjs.org/@nomicfoundation%2fedr-darwin-arm64 set size:undefined disposed:false
849 http fetch GET 200 https://registry.npmjs.org/@nomicfoundation%2fedr-linux-arm64-musl 807ms (cache miss)
850 silly packumentCache full:https://registry.npmjs.org/@nomicfoundation%2fedr-linux-arm64-musl set size:undefined disposed:false
851 http fetch GET 200 https://registry.npmjs.org/@nomicfoundation%2fedr-darwin-x64 809ms (cache miss)
852 silly packumentCache full:https://registry.npmjs.org/@nomicfoundation%2fedr-darwin-x64 set size:undefined disposed:false
853 http fetch GET 200 https://registry.npmjs.org/@nomicfoundation%2fedr-win32-x64-msvc 810ms (cache miss)
854 silly packumentCache full:https://registry.npmjs.org/@nomicfoundation%2fedr-win32-x64-msvc set size:undefined disposed:false
855 http fetch GET 200 https://registry.npmjs.org/@nomicfoundation%2fedr-linux-x64-gnu 811ms (cache miss)
856 silly packumentCache full:https://registry.npmjs.org/@nomicfoundation%2fedr-linux-x64-gnu set size:undefined disposed:false
857 http fetch GET 200 https://registry.npmjs.org/@nomicfoundation%2fedr-linux-x64-musl 813ms (cache miss)
858 silly packumentCache full:https://registry.npmjs.org/@nomicfoundation%2fedr-linux-x64-musl set size:undefined disposed:false
859 silly placeDep ROOT @nomicfoundation/edr-darwin-arm64@0.15.0 OK for: @nomicfoundation/edr@0.15.0 want: 0.15.0
860 silly placeDep ROOT @nomicfoundation/edr-darwin-x64@0.15.0 OK for: @nomicfoundation/edr@0.15.0 want: 0.15.0
861 silly placeDep ROOT @nomicfoundation/edr-linux-arm64-gnu@0.15.0 OK for: @nomicfoundation/edr@0.15.0 want: 0.15.0
862 silly placeDep ROOT @nomicfoundation/edr-linux-arm64-musl@0.15.0 OK for: @nomicfoundation/edr@0.15.0 want: 0.15.0
863 silly placeDep ROOT @nomicfoundation/edr-linux-x64-gnu@0.15.0 OK for: @nomicfoundation/edr@0.15.0 want: 0.15.0
864 silly placeDep ROOT @nomicfoundation/edr-linux-x64-musl@0.15.0 OK for: @nomicfoundation/edr@0.15.0 want: 0.15.0
865 silly placeDep ROOT @nomicfoundation/edr-win32-x64-msvc@0.15.0 OK for: @nomicfoundation/edr@0.15.0 want: 0.15.0
866 silly placeDep ROOT readdirp@5.1.1 OK for: chokidar@5.0.0 want: ^5.0.0
867 silly placeDep ROOT ansi-colors@4.1.3 OK for: enquirer@2.4.1 want: ^4.1.1
868 silly placeDep ROOT strip-ansi@6.0.1 OK for: enquirer@2.4.1 want: ^6.0.1
869 silly fetch manifest ansi-regex@^5.0.1
870 silly packumentCache full:https://registry.npmjs.org/ansi-regex cache-miss
871 http fetch GET 200 https://registry.npmjs.org/ansi-regex 55ms (cache miss)
872 silly packumentCache full:https://registry.npmjs.org/ansi-regex set size:undefined disposed:false
873 silly placeDep node_modules/micro-eth-signer @noble/curves@1.8.2 OK for: micro-eth-signer@0.14.0 want: ~1.8.1
874 silly placeDep ROOT micro-packed@0.7.3 OK for: micro-eth-signer@0.14.0 want: ~0.7.2
875 silly fetch manifest @noble/hashes@1.7.2
876 silly packumentCache full:https://registry.npmjs.org/@noble%2fhashes cache-hit
877 silly fetch manifest @scure/base@~1.2.5
878 silly packumentCache full:https://registry.npmjs.org/@scure%2fbase cache-miss
879 http cache https://registry.npmjs.org/@scure%2fbase 1ms (cache hit)
880 silly packumentCache full:https://registry.npmjs.org/@scure%2fbase set size:62755 disposed:false
881 silly placeDep node_modules/micro-packed @scure/base@1.2.6 OK for: micro-packed@0.7.3 want: ~1.2.5
882 silly placeDep ROOT browser-stdout@1.3.1 OK for: mocha@11.8.0 want: ^1.3.1
883 silly placeDep node_modules/mocha chokidar@4.0.3 OK for: mocha@11.8.0 want: ^4.0.1
884 silly placeDep ROOT debug@4.4.3 OK for: mocha@11.8.0 want: ^4.3.5
885 silly placeDep ROOT diff@7.0.0 OK for: mocha@11.8.0 want: ^7.0.0
886 silly placeDep ROOT escape-string-regexp@4.0.0 OK for: mocha@11.8.0 want: ^4.0.0
887 silly placeDep ROOT find-up@5.0.0 OK for: mocha@11.8.0 want: ^5.0.0
888 silly placeDep ROOT glob@10.5.0 OK for: mocha@11.8.0 want: ^10.4.5
889 silly placeDep ROOT he@1.2.0 OK for: mocha@11.8.0 want: ^1.2.0
890 silly placeDep ROOT is-path-inside@3.0.3 OK for: mocha@11.8.0 want: ^3.0.3
891 silly placeDep ROOT js-yaml@4.3.1 OK for: mocha@11.8.0 want: ^4.1.0
892 silly placeDep ROOT log-symbols@4.1.0 OK for: mocha@11.8.0 want: ^4.1.0
893 silly placeDep ROOT minimatch@9.0.9 OK for: mocha@11.8.0 want: ^9.0.5
894 silly placeDep ROOT ms@2.1.3 OK for: mocha@11.8.0 want: ^2.1.3
895 silly placeDep ROOT picocolors@1.1.1 OK for: mocha@11.8.0 want: ^1.1.1
896 silly placeDep ROOT serialize-javascript@6.0.2 OK for: mocha@11.8.0 want: ^6.0.2
897 silly placeDep ROOT strip-json-comments@3.1.1 OK for: mocha@11.8.0 want: ^3.1.1
898 silly placeDep ROOT supports-color@8.1.1 OK for: mocha@11.8.0 want: ^8.1.1
899 silly placeDep ROOT workerpool@9.3.4 OK for: mocha@11.8.0 want: ^9.2.0
900 silly placeDep ROOT yargs@17.7.3 OK for: mocha@11.8.0 want: ^17.7.2
901 silly placeDep ROOT yargs-parser@21.1.1 OK for: mocha@11.8.0 want: ^21.1.1
902 silly placeDep ROOT yargs-unparser@2.0.0 OK for: mocha@11.8.0 want: ^2.0.0
903 silly fetch manifest readdirp@^4.0.1
904 silly packumentCache full:https://registry.npmjs.org/readdirp cache-miss
905 silly fetch manifest locate-path@^6.0.0
906 silly packumentCache full:https://registry.npmjs.org/locate-path cache-miss
907 silly fetch manifest path-exists@^4.0.0
908 silly packumentCache full:https://registry.npmjs.org/path-exists cache-miss
909 silly fetch manifest minipass@^7.1.2
910 silly packumentCache full:https://registry.npmjs.org/minipass cache-miss
911 silly fetch manifest jackspeak@^3.1.2
912 silly packumentCache full:https://registry.npmjs.org/jackspeak cache-miss
913 silly fetch manifest minimatch@^9.0.4
914 silly packumentCache full:https://registry.npmjs.org/minimatch cache-miss
915 silly fetch manifest path-scurry@^1.11.1
916 silly packumentCache full:https://registry.npmjs.org/path-scurry cache-miss
917 silly fetch manifest foreground-child@^3.1.0
918 silly packumentCache full:https://registry.npmjs.org/foreground-child cache-miss
919 silly fetch manifest package-json-from-dist@^1.0.0
920 silly packumentCache full:https://registry.npmjs.org/package-json-from-dist cache-miss
921 silly fetch manifest argparse@^2.0.1
922 silly packumentCache full:https://registry.npmjs.org/argparse cache-miss
923 http cache https://registry.npmjs.org/readdirp 4ms (cache hit)
924 silly packumentCache full:https://registry.npmjs.org/readdirp set size:110119 disposed:false
925 silly fetch manifest chalk@^4.1.0
926 silly packumentCache full:https://registry.npmjs.org/chalk cache-miss
927 http cache https://registry.npmjs.org/minimatch 6ms (cache hit)
928 silly packumentCache full:https://registry.npmjs.org/minimatch set size:377924 disposed:false
929 silly fetch manifest is-unicode-supported@^0.1.0
930 silly packumentCache full:https://registry.npmjs.org/is-unicode-supported cache-miss
931 http fetch GET 200 https://registry.npmjs.org/path-exists 66ms (cache miss)
932 silly packumentCache full:https://registry.npmjs.org/path-exists set size:undefined disposed:false
933 silly fetch manifest brace-expansion@^2.0.2
934 silly packumentCache full:https://registry.npmjs.org/brace-expansion cache-miss
935 http fetch GET 200 https://registry.npmjs.org/foreground-child 75ms (cache miss)
936 silly packumentCache full:https://registry.npmjs.org/foreground-child set size:undefined disposed:false
937 silly fetch manifest randombytes@^2.1.0
938 silly packumentCache full:https://registry.npmjs.org/randombytes cache-miss
939 http fetch GET 200 https://registry.npmjs.org/path-scurry 77ms (cache miss)
940 silly packumentCache full:https://registry.npmjs.org/path-scurry set size:undefined disposed:false
941 silly fetch manifest has-flag@^4.0.0
942 silly packumentCache full:https://registry.npmjs.org/has-flag cache-miss
943 http fetch GET 200 https://registry.npmjs.org/has-flag 92ms (cache miss)
944 silly packumentCache full:https://registry.npmjs.org/has-flag set size:undefined disposed:false
945 silly fetch manifest y18n@^5.0.5
946 silly packumentCache full:https://registry.npmjs.org/y18n cache-miss
947 http fetch GET 200 https://registry.npmjs.org/brace-expansion 107ms (cache miss)
948 silly packumentCache full:https://registry.npmjs.org/brace-expansion set size:undefined disposed:false
949 silly fetch manifest cliui@^8.0.1
950 silly packumentCache full:https://registry.npmjs.org/cliui cache-miss
951 http fetch GET 200 https://registry.npmjs.org/cliui 65ms (cache miss)
952 silly packumentCache full:https://registry.npmjs.org/cliui set size:undefined disposed:false
953 silly fetch manifest escalade@^3.1.1
954 silly packumentCache full:https://registry.npmjs.org/escalade cache-miss
955 http fetch GET 200 https://registry.npmjs.org/escalade 68ms (cache miss)
956 silly packumentCache full:https://registry.npmjs.org/escalade set size:undefined disposed:false
957 silly fetch manifest string-width@^4.2.3
958 silly packumentCache full:https://registry.npmjs.org/string-width cache-miss
959 http fetch GET 200 https://registry.npmjs.org/package-json-from-dist 326ms (cache miss)
960 silly packumentCache full:https://registry.npmjs.org/package-json-from-dist set size:undefined disposed:false
961 silly fetch manifest get-caller-file@^2.0.5
962 silly packumentCache full:https://registry.npmjs.org/get-caller-file cache-miss
963 http fetch GET 200 https://registry.npmjs.org/is-unicode-supported 323ms (cache miss)
964 silly packumentCache full:https://registry.npmjs.org/is-unicode-supported set size:undefined disposed:false
965 silly fetch manifest require-directory@^2.1.1
966 silly packumentCache full:https://registry.npmjs.org/require-directory cache-miss
967 http fetch GET 200 https://registry.npmjs.org/jackspeak 339ms (cache miss)
968 silly packumentCache full:https://registry.npmjs.org/jackspeak set size:undefined disposed:false
969 silly fetch manifest camelcase@^6.0.0
970 silly packumentCache full:https://registry.npmjs.org/camelcase cache-miss
971 http fetch GET 200 https://registry.npmjs.org/locate-path 361ms (cache miss)
972 silly packumentCache full:https://registry.npmjs.org/locate-path set size:undefined disposed:false
973 silly fetch manifest decamelize@^4.0.0
974 silly packumentCache full:https://registry.npmjs.org/decamelize cache-miss
975 http fetch GET 200 https://registry.npmjs.org/minipass 363ms (cache miss)
976 silly packumentCache full:https://registry.npmjs.org/minipass set size:undefined disposed:false
977 silly fetch manifest flat@^5.0.2
978 silly packumentCache full:https://registry.npmjs.org/flat cache-miss
979 http fetch GET 200 https://registry.npmjs.org/chalk 360ms (cache miss)
980 silly packumentCache full:https://registry.npmjs.org/chalk set size:undefined disposed:false
981 silly fetch manifest is-plain-obj@^2.1.0
982 silly packumentCache full:https://registry.npmjs.org/is-plain-obj cache-miss
983 http fetch GET 200 https://registry.npmjs.org/argparse 365ms (cache miss)
984 silly packumentCache full:https://registry.npmjs.org/argparse set size:undefined disposed:false
985 http fetch GET 200 https://registry.npmjs.org/string-width 82ms (cache miss)
986 silly packumentCache full:https://registry.npmjs.org/string-width set size:undefined disposed:false
987 http fetch GET 200 https://registry.npmjs.org/get-caller-file 71ms (cache miss)
988 silly packumentCache full:https://registry.npmjs.org/get-caller-file set size:undefined disposed:false
989 http fetch GET 200 https://registry.npmjs.org/camelcase 69ms (cache miss)
990 silly packumentCache full:https://registry.npmjs.org/camelcase set size:undefined disposed:false
991 http fetch GET 200 https://registry.npmjs.org/randombytes 349ms (cache miss)
992 silly packumentCache full:https://registry.npmjs.org/randombytes set size:undefined disposed:false
993 http fetch GET 200 https://registry.npmjs.org/y18n 333ms (cache miss)
994 silly packumentCache full:https://registry.npmjs.org/y18n set size:undefined disposed:false
995 http fetch GET 200 https://registry.npmjs.org/require-directory 342ms (cache miss)
996 silly packumentCache full:https://registry.npmjs.org/require-directory set size:undefined disposed:false
997 http fetch GET 200 https://registry.npmjs.org/is-plain-obj 323ms (cache miss)
998 silly packumentCache full:https://registry.npmjs.org/is-plain-obj set size:undefined disposed:false
999 http fetch GET 200 https://registry.npmjs.org/decamelize 328ms (cache miss)
1000 silly packumentCache full:https://registry.npmjs.org/decamelize set size:undefined disposed:false
1001 http fetch GET 200 https://registry.npmjs.org/flat 325ms (cache miss)
1002 silly packumentCache full:https://registry.npmjs.org/flat set size:undefined disposed:false
1003 silly placeDep ROOT locate-path@6.0.0 OK for: find-up@5.0.0 want: ^6.0.0
1004 silly placeDep ROOT path-exists@4.0.0 OK for: find-up@5.0.0 want: ^4.0.0
1005 silly fetch manifest p-locate@^5.0.0
1006 silly packumentCache full:https://registry.npmjs.org/p-locate cache-miss
1007 http fetch GET 200 https://registry.npmjs.org/p-locate 58ms (cache miss)
1008 silly packumentCache full:https://registry.npmjs.org/p-locate set size:undefined disposed:false
1009 silly placeDep ROOT foreground-child@3.3.1 OK for: glob@10.5.0 want: ^3.1.0
1010 silly placeDep ROOT jackspeak@3.4.3 OK for: glob@10.5.0 want: ^3.1.2
1011 silly placeDep ROOT minipass@7.1.3 OK for: glob@10.5.0 want: ^7.1.2
1012 silly placeDep ROOT package-json-from-dist@1.0.1 OK for: glob@10.5.0 want: ^1.0.0
1013 silly placeDep ROOT path-scurry@1.11.1 OK for: glob@10.5.0 want: ^1.11.1
1014 silly fetch manifest cross-spawn@^7.0.6
1015 silly packumentCache full:https://registry.npmjs.org/cross-spawn cache-miss
1016 silly fetch manifest signal-exit@^4.0.1
1017 silly packumentCache full:https://registry.npmjs.org/signal-exit cache-miss
1018 silly fetch manifest @isaacs/cliui@^8.0.2
1019 silly packumentCache full:https://registry.npmjs.org/@isaacs%2fcliui cache-miss
1020 silly fetch manifest @pkgjs/parseargs@^0.11.0
1021 silly packumentCache full:https://registry.npmjs.org/@pkgjs%2fparseargs cache-miss
1022 silly fetch manifest lru-cache@^10.2.0
1023 silly packumentCache full:https://registry.npmjs.org/lru-cache cache-miss
1024 http fetch GET 200 https://registry.npmjs.org/signal-exit 92ms (cache miss)
1025 silly packumentCache full:https://registry.npmjs.org/signal-exit set size:undefined disposed:false
1026 http fetch GET 200 https://registry.npmjs.org/cross-spawn 93ms (cache miss)
1027 silly packumentCache full:https://registry.npmjs.org/cross-spawn set size:undefined disposed:false
1028 http fetch GET 200 https://registry.npmjs.org/lru-cache 119ms (cache miss)
1029 silly packumentCache full:https://registry.npmjs.org/lru-cache set size:undefined disposed:false
1030 http fetch GET 200 https://registry.npmjs.org/@isaacs%2fcliui 883ms (cache miss)
1031 silly packumentCache full:https://registry.npmjs.org/@isaacs%2fcliui set size:undefined disposed:false
1032 http fetch GET 200 https://registry.npmjs.org/@pkgjs%2fparseargs 883ms (cache miss)
1033 silly packumentCache full:https://registry.npmjs.org/@pkgjs%2fparseargs set size:undefined disposed:false
1034 silly placeDep ROOT cross-spawn@7.0.6 OK for: foreground-child@3.3.1 want: ^7.0.6
1035 silly placeDep ROOT signal-exit@4.1.0 OK for: foreground-child@3.3.1 want: ^4.0.1
1036 silly fetch manifest which@^2.0.1
1037 silly packumentCache full:https://registry.npmjs.org/which cache-miss
1038 silly fetch manifest path-key@^3.1.0
1039 silly packumentCache full:https://registry.npmjs.org/path-key cache-miss
1040 silly fetch manifest shebang-command@^2.0.0
1041 silly packumentCache full:https://registry.npmjs.org/shebang-command cache-miss
1042 http fetch GET 200 https://registry.npmjs.org/path-key 82ms (cache miss)
1043 silly packumentCache full:https://registry.npmjs.org/path-key set size:undefined disposed:false
1044 http fetch GET 200 https://registry.npmjs.org/shebang-command 83ms (cache miss)
1045 silly packumentCache full:https://registry.npmjs.org/shebang-command set size:undefined disposed:false
1046 http fetch GET 200 https://registry.npmjs.org/which 346ms (cache miss)
1047 silly packumentCache full:https://registry.npmjs.org/which set size:undefined disposed:false
1048 silly placeDep ROOT path-key@3.1.1 OK for: cross-spawn@7.0.6 want: ^3.1.0
1049 silly placeDep ROOT shebang-command@2.0.0 OK for: cross-spawn@7.0.6 want: ^2.0.0
1050 silly placeDep ROOT which@2.0.2 OK for: cross-spawn@7.0.6 want: ^2.0.1
1051 silly fetch manifest shebang-regex@^3.0.0
1052 silly packumentCache full:https://registry.npmjs.org/shebang-regex cache-miss
1053 silly fetch manifest isexe@^2.0.0
1054 silly packumentCache full:https://registry.npmjs.org/isexe cache-miss
1055 http fetch GET 200 https://registry.npmjs.org/shebang-regex 53ms (cache miss)
1056 silly packumentCache full:https://registry.npmjs.org/shebang-regex set size:undefined disposed:false
1057 http fetch GET 200 https://registry.npmjs.org/isexe 352ms (cache miss)
1058 silly packumentCache full:https://registry.npmjs.org/isexe set size:undefined disposed:false
1059 silly placeDep ROOT @isaacs/cliui@8.0.2 OK for: jackspeak@3.4.3 want: ^8.0.2
1060 silly placeDep ROOT @pkgjs/parseargs@0.11.0 OK for: jackspeak@3.4.3 want: ^0.11.0
1061 silly fetch manifest wrap-ansi@^8.1.0
1062 silly packumentCache full:https://registry.npmjs.org/wrap-ansi cache-miss
1063 silly fetch manifest strip-ansi@^7.0.1
1064 silly packumentCache full:https://registry.npmjs.org/strip-ansi cache-miss
1065 silly fetch manifest string-width@^5.1.2
1066 silly packumentCache full:https://registry.npmjs.org/string-width cache-miss
1067 silly fetch manifest wrap-ansi-cjs@npm:wrap-ansi@^7.0.0
1068 silly packumentCache full:https://registry.npmjs.org/wrap-ansi cache-miss
1069 silly fetch manifest strip-ansi-cjs@npm:strip-ansi@^6.0.1
1070 silly packumentCache full:https://registry.npmjs.org/strip-ansi cache-miss
1071 silly fetch manifest string-width-cjs@npm:string-width@^4.2.0
1072 silly packumentCache full:https://registry.npmjs.org/string-width cache-miss
1073 http cache https://registry.npmjs.org/string-width 4ms (cache hit)
1074 silly packumentCache full:https://registry.npmjs.org/string-width set size:72458 disposed:false
1075 http cache https://registry.npmjs.org/strip-ansi 4ms (cache hit)
1076 silly packumentCache full:https://registry.npmjs.org/strip-ansi set size:44998 disposed:false
1077 http cache https://registry.npmjs.org/string-width 5ms (cache hit)
1078 silly packumentCache full:https://registry.npmjs.org/string-width set size:72458 disposed:false
1079 silly packumentCache full:https://registry.npmjs.org/string-width dispose
1080 http cache https://registry.npmjs.org/strip-ansi 6ms (cache hit)
1081 silly packumentCache full:https://registry.npmjs.org/strip-ansi set size:44998 disposed:false
1082 silly packumentCache full:https://registry.npmjs.org/strip-ansi dispose
1083 http fetch GET 200 https://registry.npmjs.org/wrap-ansi 346ms (cache miss)
1084 silly packumentCache full:https://registry.npmjs.org/wrap-ansi set size:undefined disposed:false
1085 http fetch GET 200 https://registry.npmjs.org/wrap-ansi 346ms (cache miss)
1086 silly packumentCache full:https://registry.npmjs.org/wrap-ansi set size:undefined disposed:false
1087 silly placeDep ROOT string-width@5.1.2 OK for: @isaacs/cliui@8.0.2 want: ^5.1.2
1088 silly placeDep ROOT string-width-cjs@4.2.3 OK for: @isaacs/cliui@8.0.2 want: npm:string-width@^4.2.0
1089 silly placeDep node_modules/@isaacs/cliui strip-ansi@7.2.0 OK for: @isaacs/cliui@8.0.2 want: ^7.0.1
1090 silly placeDep ROOT strip-ansi-cjs@6.0.1 OK for: @isaacs/cliui@8.0.2 want: npm:strip-ansi@^6.0.1
1091 silly placeDep ROOT wrap-ansi@8.1.0 OK for: @isaacs/cliui@8.0.2 want: ^8.1.0
1092 silly placeDep ROOT wrap-ansi-cjs@7.0.0 OK for: @isaacs/cliui@8.0.2 want: npm:wrap-ansi@^7.0.0
1093 silly fetch manifest emoji-regex@^9.2.2
1094 silly packumentCache full:https://registry.npmjs.org/emoji-regex cache-miss
1095 silly fetch manifest eastasianwidth@^0.2.0
1096 silly packumentCache full:https://registry.npmjs.org/eastasianwidth cache-miss
1097 silly fetch manifest emoji-regex@^8.0.0
1098 silly packumentCache full:https://registry.npmjs.org/emoji-regex cache-miss
1099 silly fetch manifest is-fullwidth-code-point@^3.0.0
1100 silly packumentCache full:https://registry.npmjs.org/is-fullwidth-code-point cache-miss
1101 silly fetch manifest ansi-regex@^6.2.2
1102 silly packumentCache full:https://registry.npmjs.org/ansi-regex cache-miss
1103 silly fetch manifest ansi-styles@^6.1.0
1104 silly packumentCache full:https://registry.npmjs.org/ansi-styles cache-miss
1105 silly fetch manifest ansi-styles@^4.0.0
1106 silly packumentCache full:https://registry.npmjs.org/ansi-styles cache-miss
1107 silly fetch manifest string-width@^4.1.0
1108 silly packumentCache full:https://registry.npmjs.org/string-width cache-hit
1109 http cache https://registry.npmjs.org/ansi-regex 5ms (cache hit)
1110 silly packumentCache full:https://registry.npmjs.org/ansi-regex set size:43572 disposed:false
1111 http fetch GET 200 https://registry.npmjs.org/ansi-styles 83ms (cache miss)
1112 silly packumentCache full:https://registry.npmjs.org/ansi-styles set size:undefined disposed:false
1113 http fetch GET 200 https://registry.npmjs.org/emoji-regex 83ms (cache miss)
1114 silly packumentCache full:https://registry.npmjs.org/emoji-regex set size:undefined disposed:false
1115 http fetch GET 200 https://registry.npmjs.org/emoji-regex 85ms (cache miss)
1116 silly packumentCache full:https://registry.npmjs.org/emoji-regex set size:undefined disposed:false
1117 http fetch GET 200 https://registry.npmjs.org/ansi-styles 85ms (cache miss)
1118 silly packumentCache full:https://registry.npmjs.org/ansi-styles set size:undefined disposed:false
1119 http fetch GET 200 https://registry.npmjs.org/eastasianwidth 365ms (cache miss)
1120 silly packumentCache full:https://registry.npmjs.org/eastasianwidth set size:undefined disposed:false
1121 http fetch GET 200 https://registry.npmjs.org/is-fullwidth-code-point 366ms (cache miss)
1122 silly packumentCache full:https://registry.npmjs.org/is-fullwidth-code-point set size:undefined disposed:false
1123 silly placeDep ROOT argparse@2.0.1 OK for: js-yaml@4.3.1 want: ^2.0.1
1124 silly placeDep ROOT p-locate@5.0.0 OK for: locate-path@6.0.0 want: ^5.0.0
1125 silly fetch manifest p-limit@^3.0.2
1126 silly packumentCache full:https://registry.npmjs.org/p-limit cache-miss
1127 http fetch GET 200 https://registry.npmjs.org/p-limit 91ms (cache miss)
1128 silly packumentCache full:https://registry.npmjs.org/p-limit set size:undefined disposed:false
1129 silly placeDep ROOT chalk@4.1.2 OK for: log-symbols@4.1.0 want: ^4.1.0
1130 silly placeDep ROOT is-unicode-supported@0.1.0 OK for: log-symbols@4.1.0 want: ^0.1.0
1131 silly fetch manifest ansi-styles@^4.1.0
1132 silly packumentCache full:https://registry.npmjs.org/ansi-styles cache-miss
1133 silly fetch manifest supports-color@^7.1.0
1134 silly packumentCache full:https://registry.npmjs.org/supports-color cache-miss
1135 http cache https://registry.npmjs.org/ansi-styles 2ms (cache hit)
1136 silly packumentCache full:https://registry.npmjs.org/ansi-styles set size:71772 disposed:false
1137 http cache https://registry.npmjs.org/supports-color 4ms (cache hit)
1138 silly packumentCache full:https://registry.npmjs.org/supports-color set size:124169 disposed:false
1139 silly placeDep ROOT ansi-styles@4.3.0 OK for: chalk@4.1.2 want: ^4.1.0
1140 silly placeDep node_modules/chalk supports-color@7.2.0 OK for: chalk@4.1.2 want: ^7.1.0
1141 silly fetch manifest color-convert@^2.0.1
1142 silly packumentCache full:https://registry.npmjs.org/color-convert cache-miss
1143 http fetch GET 200 https://registry.npmjs.org/color-convert 71ms (cache miss)
1144 silly packumentCache full:https://registry.npmjs.org/color-convert set size:undefined disposed:false
1145 silly placeDep ROOT color-convert@2.0.1 OK for: ansi-styles@4.3.0 want: ^2.0.1
1146 silly fetch manifest color-name@~1.1.4
1147 silly packumentCache full:https://registry.npmjs.org/color-name cache-miss
1148 http fetch GET 200 https://registry.npmjs.org/color-name 77ms (cache miss)
1149 silly packumentCache full:https://registry.npmjs.org/color-name set size:undefined disposed:false
1150 silly placeDep ROOT color-name@1.1.4 OK for: color-convert@2.0.1 want: ~1.1.4
1151 silly placeDep ROOT brace-expansion@2.1.4 OK for: minimatch@9.0.9 want: ^2.0.2
1152 silly fetch manifest balanced-match@^1.0.0
1153 silly packumentCache full:https://registry.npmjs.org/balanced-match cache-miss
1154 http fetch GET 200 https://registry.npmjs.org/balanced-match 346ms (cache miss)
1155 silly packumentCache full:https://registry.npmjs.org/balanced-match set size:undefined disposed:false
1156 silly placeDep ROOT balanced-match@1.0.2 OK for: brace-expansion@2.1.4 want: ^1.0.0
1157 silly placeDep ROOT json-stringify-safe@5.0.1 OK for: ndjson@2.0.0 want: ^5.0.1
1158 silly placeDep ROOT minimist@1.2.8 OK for: ndjson@2.0.0 want: ^1.2.5
1159 silly placeDep ROOT readable-stream@3.6.2 OK for: ndjson@2.0.0 want: ^3.6.0
1160 silly placeDep ROOT split2@3.2.2 OK for: ndjson@2.0.0 want: ^3.0.0
1161 silly placeDep ROOT through2@4.0.2 OK for: ndjson@2.0.0 want: ^4.0.0
1162 silly fetch manifest string_decoder@^1.1.1
1163 silly packumentCache full:https://registry.npmjs.org/string_decoder cache-miss
1164 silly fetch manifest util-deprecate@^1.0.1
1165 silly packumentCache full:https://registry.npmjs.org/util-deprecate cache-miss
1166 http fetch GET 200 https://registry.npmjs.org/util-deprecate 84ms (cache miss)
1167 silly packumentCache full:https://registry.npmjs.org/util-deprecate set size:undefined disposed:false
1168 http fetch GET 200 https://registry.npmjs.org/string_decoder 346ms (cache miss)
1169 silly packumentCache full:https://registry.npmjs.org/string_decoder set size:undefined disposed:false
1170 silly placeDep ROOT p-limit@3.1.0 OK for: p-locate@5.0.0 want: ^3.0.2
1171 silly fetch manifest yocto-queue@^0.1.0
1172 silly packumentCache full:https://registry.npmjs.org/yocto-queue cache-miss
1173 http fetch GET 200 https://registry.npmjs.org/yocto-queue 58ms (cache miss)
1174 silly packumentCache full:https://registry.npmjs.org/yocto-queue set size:undefined disposed:false
1175 silly placeDep ROOT yocto-queue@0.1.0 OK for: p-limit@3.1.0 want: ^0.1.0
1176 silly placeDep ROOT lru-cache@10.4.3 OK for: path-scurry@1.11.1 want: ^10.2.0
1177 silly placeDep ROOT kleur@3.0.3 OK for: prompts@2.4.2 want: ^3.0.3
1178 silly placeDep ROOT sisteransi@1.0.5 OK for: prompts@2.4.2 want: ^1.0.5
1179 silly placeDep ROOT string_decoder@1.3.0 OK for: readable-stream@3.6.2 want: ^1.1.1
1180 silly placeDep ROOT util-deprecate@1.0.2 OK for: readable-stream@3.6.2 want: ^1.0.1
1181 silly fetch manifest safe-buffer@~5.2.0
1182 silly packumentCache full:https://registry.npmjs.org/safe-buffer cache-miss
1183 http fetch GET 200 https://registry.npmjs.org/safe-buffer 81ms (cache miss)
1184 silly packumentCache full:https://registry.npmjs.org/safe-buffer set size:undefined disposed:false
1185 silly placeDep ROOT randombytes@2.1.0 OK for: serialize-javascript@6.0.2 want: ^2.1.0
1186 silly fetch manifest safe-buffer@^5.1.0
1187 silly packumentCache full:https://registry.npmjs.org/safe-buffer cache-miss
1188 http cache https://registry.npmjs.org/safe-buffer 2ms (cache hit)
1189 silly packumentCache full:https://registry.npmjs.org/safe-buffer set size:41183 disposed:false
1190 silly placeDep ROOT safe-buffer@5.2.1 OK for: randombytes@2.1.0 want: ^5.1.0
1191 silly placeDep ROOT shebang-regex@3.0.0 OK for: shebang-command@2.0.0 want: ^3.0.0
1192 silly placeDep ROOT eastasianwidth@0.2.0 OK for: string-width@5.1.2 want: ^0.2.0
1193 silly placeDep ROOT emoji-regex@9.2.2 OK for: string-width@5.1.2 want: ^9.2.2
1194 silly placeDep node_modules/string-width strip-ansi@7.2.0 OK for: string-width@5.1.2 want: ^7.0.1
1195 silly placeDep node_modules/string-width-cjs emoji-regex@8.0.0 OK for: string-width@4.2.3 want: ^8.0.0
1196 silly placeDep ROOT is-fullwidth-code-point@3.0.0 OK for: string-width@4.2.3 want: ^3.0.0
1197 silly placeDep ROOT ansi-regex@5.0.1 OK for: strip-ansi@6.0.1 want: ^5.0.1
1198 silly placeDep ROOT has-flag@4.0.0 OK for: supports-color@8.1.1 want: ^4.0.0
1199 silly placeDep ROOT esbuild@0.28.1 OK for: tsx@4.23.9 want: ~0.28.0
1200 silly placeDep ROOT fsevents@2.3.3 OK for: tsx@4.23.9 want: ~2.3.3
1201 silly fetch manifest @esbuild/aix-ppc64@0.28.1
1202 silly packumentCache full:https://registry.npmjs.org/@esbuild%2faix-ppc64 cache-miss
1203 silly fetch manifest @esbuild/android-arm@0.28.1
1204 silly packumentCache full:https://registry.npmjs.org/@esbuild%2fandroid-arm cache-miss
1205 silly fetch manifest @esbuild/android-arm64@0.28.1
1206 silly packumentCache full:https://registry.npmjs.org/@esbuild%2fandroid-arm64 cache-miss
1207 silly fetch manifest @esbuild/android-x64@0.28.1
1208 silly packumentCache full:https://registry.npmjs.org/@esbuild%2fandroid-x64 cache-miss
1209 silly fetch manifest @esbuild/darwin-arm64@0.28.1
1210 silly packumentCache full:https://registry.npmjs.org/@esbuild%2fdarwin-arm64 cache-miss
1211 silly fetch manifest @esbuild/darwin-x64@0.28.1
1212 silly packumentCache full:https://registry.npmjs.org/@esbuild%2fdarwin-x64 cache-miss
1213 silly fetch manifest @esbuild/freebsd-arm64@0.28.1
1214 silly packumentCache full:https://registry.npmjs.org/@esbuild%2ffreebsd-arm64 cache-miss
1215 silly fetch manifest @esbuild/freebsd-x64@0.28.1
1216 silly packumentCache full:https://registry.npmjs.org/@esbuild%2ffreebsd-x64 cache-miss
1217 silly fetch manifest @esbuild/linux-arm@0.28.1
1218 silly packumentCache full:https://registry.npmjs.org/@esbuild%2flinux-arm cache-miss
1219 silly fetch manifest @esbuild/linux-arm64@0.28.1
1220 silly packumentCache full:https://registry.npmjs.org/@esbuild%2flinux-arm64 cache-miss
1221 http fetch GET 200 https://registry.npmjs.org/@esbuild%2faix-ppc64 81ms (cache miss)
1222 silly packumentCache full:https://registry.npmjs.org/@esbuild%2faix-ppc64 set size:undefined disposed:false
1223 silly fetch manifest @esbuild/linux-ia32@0.28.1
1224 silly packumentCache full:https://registry.npmjs.org/@esbuild%2flinux-ia32 cache-miss
1225 http fetch GET 200 https://registry.npmjs.org/@esbuild%2flinux-arm 95ms (cache miss)
1226 silly packumentCache full:https://registry.npmjs.org/@esbuild%2flinux-arm set size:undefined disposed:false
1227 silly fetch manifest @esbuild/linux-loong64@0.28.1
1228 silly packumentCache full:https://registry.npmjs.org/@esbuild%2flinux-loong64 cache-miss
1229 http fetch GET 200 https://registry.npmjs.org/@esbuild%2flinux-ia32 96ms (cache miss)
1230 silly packumentCache full:https://registry.npmjs.org/@esbuild%2flinux-ia32 set size:undefined disposed:false
1231 silly fetch manifest @esbuild/linux-mips64el@0.28.1
1232 silly packumentCache full:https://registry.npmjs.org/@esbuild%2flinux-mips64el cache-miss
1233 http fetch GET 200 https://registry.npmjs.org/@esbuild%2fdarwin-x64 272ms (cache miss)
1234 silly packumentCache full:https://registry.npmjs.org/@esbuild%2fdarwin-x64 set size:undefined disposed:false
1235 silly fetch manifest @esbuild/linux-ppc64@0.28.1
1236 silly packumentCache full:https://registry.npmjs.org/@esbuild%2flinux-ppc64 cache-miss
1237 http fetch GET 200 https://registry.npmjs.org/@esbuild%2ffreebsd-arm64 275ms (cache miss)
1238 silly packumentCache full:https://registry.npmjs.org/@esbuild%2ffreebsd-arm64 set size:undefined disposed:false
1239 silly fetch manifest @esbuild/linux-riscv64@0.28.1
1240 silly packumentCache full:https://registry.npmjs.org/@esbuild%2flinux-riscv64 cache-miss
1241 http fetch GET 200 https://registry.npmjs.org/@esbuild%2fandroid-x64 282ms (cache miss)
1242 silly packumentCache full:https://registry.npmjs.org/@esbuild%2fandroid-x64 set size:undefined disposed:false
1243 silly fetch manifest @esbuild/linux-s390x@0.28.1
1244 silly packumentCache full:https://registry.npmjs.org/@esbuild%2flinux-s390x cache-miss
1245 http fetch GET 200 https://registry.npmjs.org/@esbuild%2flinux-arm64 373ms (cache miss)
1246 silly packumentCache full:https://registry.npmjs.org/@esbuild%2flinux-arm64 set size:undefined disposed:false
1247 silly fetch manifest @esbuild/linux-x64@0.28.1
1248 silly packumentCache full:https://registry.npmjs.org/@esbuild%2flinux-x64 cache-miss
1249 http fetch GET 200 https://registry.npmjs.org/@esbuild%2flinux-mips64el 237ms (cache miss)
1250 silly packumentCache full:https://registry.npmjs.org/@esbuild%2flinux-mips64el set size:undefined disposed:false
1251 silly fetch manifest @esbuild/netbsd-arm64@0.28.1
1252 silly packumentCache full:https://registry.npmjs.org/@esbuild%2fnetbsd-arm64 cache-miss
1253 http fetch GET 200 https://registry.npmjs.org/@esbuild%2flinux-loong64 364ms (cache miss)
1254 silly packumentCache full:https://registry.npmjs.org/@esbuild%2flinux-loong64 set size:undefined disposed:false
1255 silly fetch manifest @esbuild/netbsd-x64@0.28.1
1256 silly packumentCache full:https://registry.npmjs.org/@esbuild%2fnetbsd-x64 cache-miss
1257 http fetch GET 200 https://registry.npmjs.org/@esbuild%2fdarwin-arm64 579ms (cache miss)
1258 silly packumentCache full:https://registry.npmjs.org/@esbuild%2fdarwin-arm64 set size:undefined disposed:false
1259 silly fetch manifest @esbuild/openbsd-arm64@0.28.1
1260 silly packumentCache full:https://registry.npmjs.org/@esbuild%2fopenbsd-arm64 cache-miss
1261 http fetch GET 200 https://registry.npmjs.org/@esbuild%2flinux-s390x 348ms (cache miss)
1262 silly packumentCache full:https://registry.npmjs.org/@esbuild%2flinux-s390x set size:undefined disposed:false
1263 silly fetch manifest @esbuild/openbsd-x64@0.28.1
1264 silly packumentCache full:https://registry.npmjs.org/@esbuild%2fopenbsd-x64 cache-miss
1265 http fetch GET 200 https://registry.npmjs.org/@esbuild%2fandroid-arm64 636ms (cache miss)
1266 silly packumentCache full:https://registry.npmjs.org/@esbuild%2fandroid-arm64 set size:undefined disposed:false
1267 silly fetch manifest @esbuild/openharmony-arm64@0.28.1
1268 silly packumentCache full:https://registry.npmjs.org/@esbuild%2fopenharmony-arm64 cache-miss
1269 http fetch GET 200 https://registry.npmjs.org/@esbuild%2ffreebsd-x64 648ms (cache miss)
1270 silly packumentCache full:https://registry.npmjs.org/@esbuild%2ffreebsd-x64 set size:undefined disposed:false
1271 silly fetch manifest @esbuild/sunos-x64@0.28.1
1272 silly packumentCache full:https://registry.npmjs.org/@esbuild%2fsunos-x64 cache-miss
1273 http fetch GET 200 https://registry.npmjs.org/@esbuild%2flinux-riscv64 386ms (cache miss)
1274 silly packumentCache full:https://registry.npmjs.org/@esbuild%2flinux-riscv64 set size:undefined disposed:false
1275 silly fetch manifest @esbuild/win32-arm64@0.28.1
1276 silly packumentCache full:https://registry.npmjs.org/@esbuild%2fwin32-arm64 cache-miss
1277 http fetch GET 200 https://registry.npmjs.org/@esbuild%2fopenbsd-arm64 89ms (cache miss)
1278 silly packumentCache full:https://registry.npmjs.org/@esbuild%2fopenbsd-arm64 set size:undefined disposed:false
1279 silly fetch manifest @esbuild/win32-ia32@0.28.1
1280 silly packumentCache full:https://registry.npmjs.org/@esbuild%2fwin32-ia32 cache-miss
1281 http fetch GET 200 https://registry.npmjs.org/@esbuild%2fnetbsd-x64 262ms (cache miss)
1282 silly packumentCache full:https://registry.npmjs.org/@esbuild%2fnetbsd-x64 set size:undefined disposed:false
1283 silly fetch manifest @esbuild/win32-x64@0.28.1
1284 silly packumentCache full:https://registry.npmjs.org/@esbuild%2fwin32-x64 cache-miss
1285 http fetch GET 200 https://registry.npmjs.org/@esbuild%2fnetbsd-arm64 335ms (cache miss)
1286 silly packumentCache full:https://registry.npmjs.org/@esbuild%2fnetbsd-arm64 set size:undefined disposed:false
1287 http fetch GET 200 https://registry.npmjs.org/@esbuild%2fopenharmony-arm64 116ms (cache miss)
1288 silly packumentCache full:https://registry.npmjs.org/@esbuild%2fopenharmony-arm64 set size:undefined disposed:false
1289 http fetch GET 200 https://registry.npmjs.org/@esbuild%2fwin32-ia32 87ms (cache miss)
1290 silly packumentCache full:https://registry.npmjs.org/@esbuild%2fwin32-ia32 set size:undefined disposed:false
1291 http fetch GET 200 https://registry.npmjs.org/@esbuild%2fandroid-arm 813ms (cache miss)
1292 silly packumentCache full:https://registry.npmjs.org/@esbuild%2fandroid-arm set size:undefined disposed:false
1293 http fetch GET 200 https://registry.npmjs.org/@esbuild%2flinux-x64 551ms (cache miss)
1294 silly packumentCache full:https://registry.npmjs.org/@esbuild%2flinux-x64 set size:undefined disposed:false
1295 http fetch GET 200 https://registry.npmjs.org/@esbuild%2fsunos-x64 281ms (cache miss)
1296 silly packumentCache full:https://registry.npmjs.org/@esbuild%2fsunos-x64 set size:undefined disposed:false
1297 http fetch GET 200 https://registry.npmjs.org/@esbuild%2flinux-ppc64 816ms (cache miss)
1298 silly packumentCache full:https://registry.npmjs.org/@esbuild%2flinux-ppc64 set size:undefined disposed:false
1299 http fetch GET 200 https://registry.npmjs.org/@esbuild%2fopenbsd-x64 558ms (cache miss)
1300 silly packumentCache full:https://registry.npmjs.org/@esbuild%2fopenbsd-x64 set size:undefined disposed:false
1301 http fetch GET 200 https://registry.npmjs.org/@esbuild%2fwin32-arm64 549ms (cache miss)
1302 silly packumentCache full:https://registry.npmjs.org/@esbuild%2fwin32-arm64 set size:undefined disposed:false
1303 http fetch GET 200 https://registry.npmjs.org/@esbuild%2fwin32-x64 535ms (cache miss)
1304 silly packumentCache full:https://registry.npmjs.org/@esbuild%2fwin32-x64 set size:undefined disposed:false
1305 silly placeDep ROOT @esbuild/aix-ppc64@0.28.1 OK for: esbuild@0.28.1 want: 0.28.1
1306 silly placeDep ROOT @esbuild/android-arm@0.28.1 OK for: esbuild@0.28.1 want: 0.28.1
1307 silly placeDep ROOT @esbuild/android-arm64@0.28.1 OK for: esbuild@0.28.1 want: 0.28.1
1308 silly placeDep ROOT @esbuild/android-x64@0.28.1 OK for: esbuild@0.28.1 want: 0.28.1
1309 silly placeDep ROOT @esbuild/darwin-arm64@0.28.1 OK for: esbuild@0.28.1 want: 0.28.1
1310 silly placeDep ROOT @esbuild/darwin-x64@0.28.1 OK for: esbuild@0.28.1 want: 0.28.1
1311 silly placeDep ROOT @esbuild/freebsd-arm64@0.28.1 OK for: esbuild@0.28.1 want: 0.28.1
1312 silly placeDep ROOT @esbuild/freebsd-x64@0.28.1 OK for: esbuild@0.28.1 want: 0.28.1
1313 silly placeDep ROOT @esbuild/linux-arm@0.28.1 OK for: esbuild@0.28.1 want: 0.28.1
1314 silly placeDep ROOT @esbuild/linux-arm64@0.28.1 OK for: esbuild@0.28.1 want: 0.28.1
1315 silly placeDep ROOT @esbuild/linux-ia32@0.28.1 OK for: esbuild@0.28.1 want: 0.28.1
1316 silly placeDep ROOT @esbuild/linux-loong64@0.28.1 OK for: esbuild@0.28.1 want: 0.28.1
1317 silly placeDep ROOT @esbuild/linux-mips64el@0.28.1 OK for: esbuild@0.28.1 want: 0.28.1
1318 silly placeDep ROOT @esbuild/linux-ppc64@0.28.1 OK for: esbuild@0.28.1 want: 0.28.1
1319 silly placeDep ROOT @esbuild/linux-riscv64@0.28.1 OK for: esbuild@0.28.1 want: 0.28.1
1320 silly placeDep ROOT @esbuild/linux-s390x@0.28.1 OK for: esbuild@0.28.1 want: 0.28.1
1321 silly placeDep ROOT @esbuild/linux-x64@0.28.1 OK for: esbuild@0.28.1 want: 0.28.1
1322 silly placeDep ROOT @esbuild/netbsd-arm64@0.28.1 OK for: esbuild@0.28.1 want: 0.28.1
1323 silly placeDep ROOT @esbuild/netbsd-x64@0.28.1 OK for: esbuild@0.28.1 want: 0.28.1
1324 silly placeDep ROOT @esbuild/openbsd-arm64@0.28.1 OK for: esbuild@0.28.1 want: 0.28.1
1325 silly placeDep ROOT @esbuild/openbsd-x64@0.28.1 OK for: esbuild@0.28.1 want: 0.28.1
1326 silly placeDep ROOT @esbuild/openharmony-arm64@0.28.1 OK for: esbuild@0.28.1 want: 0.28.1
1327 silly placeDep ROOT @esbuild/sunos-x64@0.28.1 OK for: esbuild@0.28.1 want: 0.28.1
1328 silly placeDep ROOT @esbuild/win32-arm64@0.28.1 OK for: esbuild@0.28.1 want: 0.28.1
1329 silly placeDep ROOT @esbuild/win32-ia32@0.28.1 OK for: esbuild@0.28.1 want: 0.28.1
1330 silly placeDep ROOT @esbuild/win32-x64@0.28.1 OK for: esbuild@0.28.1 want: 0.28.1
1331 silly placeDep ROOT @types/prettier@2.7.3 OK for: typechain@8.3.2 want: ^2.1.1
1332 silly placeDep ROOT fs-extra@7.0.1 OK for: typechain@8.3.2 want: ^7.0.0
1333 silly placeDep node_modules/typechain glob@7.1.7 OK for: typechain@8.3.2 want: 7.1.7
1334 silly placeDep ROOT mkdirp@1.0.4 OK for: typechain@8.3.2 want: ^1.0.4
1335 silly placeDep ROOT prettier@2.8.8 OK for: typechain@8.3.2 want: ^2.3.1
1336 silly placeDep ROOT ts-command-line-args@2.5.1 OK for: typechain@8.3.2 want: ^2.2.0
1337 silly fetch manifest jsonfile@^4.0.0
1338 silly packumentCache full:https://registry.npmjs.org/jsonfile cache-miss
1339 silly fetch manifest graceful-fs@^4.1.2
1340 silly packumentCache full:https://registry.npmjs.org/graceful-fs cache-miss
1341 silly fetch manifest universalify@^0.1.0
1342 silly packumentCache full:https://registry.npmjs.org/universalify cache-miss
1343 silly fetch manifest once@^1.3.0
1344 silly packumentCache full:https://registry.npmjs.org/once cache-miss
1345 silly fetch manifest inflight@^1.0.4
1346 silly packumentCache full:https://registry.npmjs.org/inflight cache-miss
1347 silly fetch manifest minimatch@^3.0.4
1348 silly packumentCache full:https://registry.npmjs.org/minimatch cache-hit
1349 silly fetch manifest fs.realpath@^1.0.0
1350 silly packumentCache full:https://registry.npmjs.org/fs.realpath cache-miss
1351 silly fetch manifest path-is-absolute@^1.0.0
1352 silly packumentCache full:https://registry.npmjs.org/path-is-absolute cache-miss
1353 silly fetch manifest command-line-args@^5.1.1
1354 silly packumentCache full:https://registry.npmjs.org/command-line-args cache-miss
1355 silly fetch manifest command-line-usage@^6.1.0
1356 silly packumentCache full:https://registry.npmjs.org/command-line-usage cache-miss
1357 silly fetch manifest string-format@^2.0.0
1358 silly packumentCache full:https://registry.npmjs.org/string-format cache-miss
1359 http fetch GET 200 https://registry.npmjs.org/fs.realpath 74ms (cache miss)
1360 silly packumentCache full:https://registry.npmjs.org/fs.realpath set size:undefined disposed:false
1361 http fetch GET 200 https://registry.npmjs.org/once 76ms (cache miss)
1362 silly packumentCache full:https://registry.npmjs.org/once set size:undefined disposed:false
1363 http fetch GET 200 https://registry.npmjs.org/path-is-absolute 79ms (cache miss)
1364 silly packumentCache full:https://registry.npmjs.org/path-is-absolute set size:undefined disposed:false
1365 http fetch GET 200 https://registry.npmjs.org/inflight 80ms (cache miss)
1366 silly packumentCache full:https://registry.npmjs.org/inflight set size:undefined disposed:false
1367 http fetch GET 200 https://registry.npmjs.org/jsonfile 321ms (cache miss)
1368 silly packumentCache full:https://registry.npmjs.org/jsonfile set size:undefined disposed:false
1369 http fetch GET 200 https://registry.npmjs.org/string-format 333ms (cache miss)
1370 silly packumentCache full:https://registry.npmjs.org/string-format set size:undefined disposed:false
1371 http fetch GET 200 https://registry.npmjs.org/graceful-fs 336ms (cache miss)
1372 silly packumentCache full:https://registry.npmjs.org/graceful-fs set size:undefined disposed:false
1373 http fetch GET 200 https://registry.npmjs.org/universalify 337ms (cache miss)
1374 silly packumentCache full:https://registry.npmjs.org/universalify set size:undefined disposed:false
1375 http fetch GET 200 https://registry.npmjs.org/command-line-usage 347ms (cache miss)
1376 silly packumentCache full:https://registry.npmjs.org/command-line-usage set size:undefined disposed:false
1377 http fetch GET 200 https://registry.npmjs.org/command-line-args 351ms (cache miss)
1378 silly packumentCache full:https://registry.npmjs.org/command-line-args set size:undefined disposed:false
1379 silly placeDep ROOT graceful-fs@4.2.11 OK for: fs-extra@7.0.1 want: ^4.1.2
1380 silly placeDep ROOT jsonfile@4.0.0 OK for: fs-extra@7.0.1 want: ^4.0.0
1381 silly placeDep ROOT universalify@0.1.2 OK for: fs-extra@7.0.1 want: ^0.1.0
1382 silly placeDep ROOT command-line-args@5.2.1 OK for: ts-command-line-args@2.5.1 want: ^5.1.1
1383 silly placeDep ROOT command-line-usage@6.1.3 OK for: ts-command-line-args@2.5.1 want: ^6.1.0
1384 silly placeDep ROOT string-format@2.0.0 OK for: ts-command-line-args@2.5.1 want: ^2.0.0
1385 silly fetch manifest typical@^4.0.0
1386 silly packumentCache full:https://registry.npmjs.org/typical cache-miss
1387 silly fetch manifest array-back@^3.1.0
1388 silly packumentCache full:https://registry.npmjs.org/array-back cache-miss
1389 silly fetch manifest find-replace@^3.0.0
1390 silly packumentCache full:https://registry.npmjs.org/find-replace cache-miss
1391 silly fetch manifest lodash.camelcase@^4.3.0
1392 silly packumentCache full:https://registry.npmjs.org/lodash.camelcase cache-miss
1393 silly fetch manifest chalk@^2.4.2
1394 silly packumentCache full:https://registry.npmjs.org/chalk cache-miss
1395 silly fetch manifest typical@^5.2.0
1396 silly packumentCache full:https://registry.npmjs.org/typical cache-miss
1397 silly fetch manifest array-back@^4.0.2
1398 silly packumentCache full:https://registry.npmjs.org/array-back cache-miss
1399 silly fetch manifest table-layout@^1.0.2
1400 silly packumentCache full:https://registry.npmjs.org/table-layout cache-miss
1401 http cache https://registry.npmjs.org/chalk 4ms (cache hit)
1402 silly packumentCache full:https://registry.npmjs.org/chalk set size:134775 disposed:false
1403 http fetch GET 200 https://registry.npmjs.org/lodash.camelcase 353ms (cache miss)
1404 silly packumentCache full:https://registry.npmjs.org/lodash.camelcase set size:undefined disposed:false
1405 http fetch GET 200 https://registry.npmjs.org/typical 353ms (cache miss)
1406 silly packumentCache full:https://registry.npmjs.org/typical set size:undefined disposed:false
1407 http fetch GET 200 https://registry.npmjs.org/typical 354ms (cache miss)
1408 silly packumentCache full:https://registry.npmjs.org/typical set size:undefined disposed:false
1409 http fetch GET 200 https://registry.npmjs.org/array-back 366ms (cache miss)
1410 silly packumentCache full:https://registry.npmjs.org/array-back set size:undefined disposed:false
1411 http fetch GET 200 https://registry.npmjs.org/find-replace 367ms (cache miss)
1412 silly packumentCache full:https://registry.npmjs.org/find-replace set size:undefined disposed:false
1413 http fetch GET 200 https://registry.npmjs.org/array-back 368ms (cache miss)
1414 silly packumentCache full:https://registry.npmjs.org/array-back set size:undefined disposed:false
1415 http fetch GET 200 https://registry.npmjs.org/table-layout 369ms (cache miss)
1416 silly packumentCache full:https://registry.npmjs.org/table-layout set size:undefined disposed:false
1417 silly placeDep ROOT array-back@3.1.0 OK for: command-line-args@5.2.1 want: ^3.1.0
1418 silly placeDep ROOT find-replace@3.0.0 OK for: command-line-args@5.2.1 want: ^3.0.0
1419 silly placeDep ROOT lodash.camelcase@4.3.0 OK for: command-line-args@5.2.1 want: ^4.3.0
1420 silly placeDep ROOT typical@4.0.0 OK for: command-line-args@5.2.1 want: ^4.0.0
1421 silly placeDep node_modules/command-line-usage array-back@4.0.2 OK for: command-line-usage@6.1.3 want: ^4.0.2
1422 silly placeDep node_modules/command-line-usage chalk@2.4.2 OK for: command-line-usage@6.1.3 want: ^2.4.2
1423 silly placeDep ROOT table-layout@1.0.2 OK for: command-line-usage@6.1.3 want: ^1.0.2
1424 silly placeDep node_modules/command-line-usage typical@5.2.0 OK for: command-line-usage@6.1.3 want: ^5.2.0
1425 silly fetch manifest ansi-styles@^3.2.1
1426 silly packumentCache full:https://registry.npmjs.org/ansi-styles cache-hit
1427 silly fetch manifest supports-color@^5.3.0
1428 silly packumentCache full:https://registry.npmjs.org/supports-color cache-hit
1429 silly fetch manifest escape-string-regexp@^1.0.5
1430 silly packumentCache full:https://registry.npmjs.org/escape-string-regexp cache-miss
1431 silly fetch manifest array-back@^4.0.1
1432 silly packumentCache full:https://registry.npmjs.org/array-back cache-miss
1433 silly fetch manifest wordwrapjs@^4.0.0
1434 silly packumentCache full:https://registry.npmjs.org/wordwrapjs cache-miss
1435 silly fetch manifest deep-extend@~0.6.0
1436 silly packumentCache full:https://registry.npmjs.org/deep-extend cache-miss
1437 http cache https://registry.npmjs.org/array-back 6ms (cache hit)
1438 silly packumentCache full:https://registry.npmjs.org/array-back set size:55549 disposed:false
1439 http cache https://registry.npmjs.org/escape-string-regexp 8ms (cache hit)
1440 silly packumentCache full:https://registry.npmjs.org/escape-string-regexp set size:22244 disposed:false
1441 http fetch GET 200 https://registry.npmjs.org/wordwrapjs 376ms (cache miss)
1442 silly packumentCache full:https://registry.npmjs.org/wordwrapjs set size:undefined disposed:false
1443 http fetch GET 200 https://registry.npmjs.org/deep-extend 379ms (cache miss)
1444 silly packumentCache full:https://registry.npmjs.org/deep-extend set size:undefined disposed:false
1445 silly placeDep node_modules/table-layout array-back@4.0.2 OK for: table-layout@1.0.2 want: ^4.0.1
1446 silly placeDep ROOT deep-extend@0.6.0 OK for: table-layout@1.0.2 want: ~0.6.0
1447 silly placeDep node_modules/table-layout typical@5.2.0 OK for: table-layout@1.0.2 want: ^5.2.0
1448 silly placeDep ROOT wordwrapjs@4.0.1 OK for: table-layout@1.0.2 want: ^4.0.0
1449 silly fetch manifest reduce-flatten@^2.0.0
1450 silly packumentCache full:https://registry.npmjs.org/reduce-flatten cache-miss
1451 http fetch GET 200 https://registry.npmjs.org/reduce-flatten 328ms (cache miss)
1452 silly packumentCache full:https://registry.npmjs.org/reduce-flatten set size:undefined disposed:false
1453 silly placeDep ROOT isexe@2.0.0 OK for: which@2.0.2 want: ^2.0.0
1454 silly placeDep ROOT reduce-flatten@2.0.0 OK for: wordwrapjs@4.0.1 want: ^2.0.0
1455 silly placeDep node_modules/wordwrapjs typical@5.2.0 OK for: wordwrapjs@4.0.1 want: ^5.2.0
1456 silly placeDep node_modules/wrap-ansi ansi-styles@6.2.3 OK for: wrap-ansi@8.1.0 want: ^6.1.0
1457 silly placeDep node_modules/wrap-ansi strip-ansi@7.2.0 OK for: wrap-ansi@8.1.0 want: ^7.0.1
1458 silly placeDep node_modules/wrap-ansi-cjs string-width@4.2.3 OK for: wrap-ansi@7.0.0 want: ^4.1.0
1459 silly placeDep ROOT cliui@8.0.1 OK for: yargs@17.7.3 want: ^8.0.1
1460 silly placeDep ROOT escalade@3.2.0 OK for: yargs@17.7.3 want: ^3.1.1
1461 silly placeDep ROOT get-caller-file@2.0.5 OK for: yargs@17.7.3 want: ^2.0.5
1462 silly placeDep ROOT require-directory@2.1.1 OK for: yargs@17.7.3 want: ^2.1.1
1463 silly placeDep node_modules/yargs string-width@4.2.3 OK for: yargs@17.7.3 want: ^4.2.3
1464 silly placeDep ROOT y18n@5.0.8 OK for: yargs@17.7.3 want: ^5.0.5
1465 silly fetch manifest wrap-ansi@^7.0.0
1466 silly packumentCache full:https://registry.npmjs.org/wrap-ansi cache-miss
1467 silly fetch manifest string-width@^4.2.0
1468 silly packumentCache full:https://registry.npmjs.org/string-width cache-hit
1469 http cache https://registry.npmjs.org/wrap-ansi 3ms (cache hit)
1470 silly packumentCache full:https://registry.npmjs.org/wrap-ansi set size:55299 disposed:false
1471 silly placeDep node_modules/cliui string-width@4.2.3 OK for: cliui@8.0.1 want: ^4.2.0
1472 silly placeDep node_modules/cliui wrap-ansi@7.0.0 OK for: cliui@8.0.1 want: ^7.0.0
1473 silly placeDep ROOT camelcase@6.3.0 OK for: yargs-unparser@2.0.0 want: ^6.0.0
1474 silly placeDep ROOT decamelize@4.0.0 OK for: yargs-unparser@2.0.0 want: ^4.0.0
1475 silly placeDep ROOT flat@5.0.2 OK for: yargs-unparser@2.0.0 want: ^5.0.2
1476 silly placeDep ROOT is-plain-obj@2.1.0 OK for: yargs-unparser@2.0.0 want: ^2.1.0
1477 silly placeDep node_modules/@isaacs/cliui ansi-regex@6.2.2 OK for: strip-ansi@7.2.0 want: ^6.2.2
1478 silly placeDep node_modules/cliui emoji-regex@8.0.0 OK for: string-width@4.2.3 want: ^8.0.0
1479 silly placeDep node_modules/command-line-usage ansi-styles@3.2.1 OK for: chalk@2.4.2 want: ^3.2.1
1480 silly placeDep node_modules/command-line-usage escape-string-regexp@1.0.5 OK for: chalk@2.4.2 want: ^1.0.5
1481 silly placeDep node_modules/command-line-usage supports-color@5.5.0 OK for: chalk@2.4.2 want: ^5.3.0
1482 silly fetch manifest color-convert@^1.9.0
1483 silly packumentCache full:https://registry.npmjs.org/color-convert cache-miss
1484 silly fetch manifest has-flag@^3.0.0
1485 silly packumentCache full:https://registry.npmjs.org/has-flag cache-miss
1486 http cache https://registry.npmjs.org/has-flag 2ms (cache hit)
1487 silly packumentCache full:https://registry.npmjs.org/has-flag set size:15180 disposed:false
1488 http cache https://registry.npmjs.org/color-convert 2ms (cache hit)
1489 silly packumentCache full:https://registry.npmjs.org/color-convert set size:72663 disposed:false
1490 silly placeDep node_modules/command-line-usage color-convert@1.9.3 OK for: ansi-styles@3.2.1 want: ^1.9.0
1491 silly fetch manifest color-name@1.1.3
1492 silly packumentCache full:https://registry.npmjs.org/color-name cache-miss
1493 http cache https://registry.npmjs.org/color-name 1ms (cache hit)
1494 silly packumentCache full:https://registry.npmjs.org/color-name set size:20968 disposed:false
1495 silly placeDep node_modules/command-line-usage color-name@1.1.3 OK for: color-convert@1.9.3 want: 1.1.3
1496 silly placeDep node_modules/command-line-usage has-flag@3.0.0 OK for: supports-color@5.5.0 want: ^3.0.0
1497 silly placeDep node_modules/micro-eth-signer @noble/hashes@1.7.2 OK for: @noble/curves@1.8.2 want: 1.7.2
1498 silly placeDep node_modules/mocha readdirp@4.1.2 OK for: chokidar@4.0.3 want: ^4.0.1
1499 silly placeDep node_modules/string-width ansi-regex@6.2.2 OK for: strip-ansi@7.2.0 want: ^6.2.2
1500 silly placeDep ROOT fs.realpath@1.0.0 OK for: glob@7.1.7 want: ^1.0.0
1501 silly placeDep ROOT inflight@1.0.6 OK for: glob@7.1.7 want: ^1.0.4
1502 silly placeDep node_modules/typechain minimatch@3.1.5 OK for: glob@7.1.7 want: ^3.0.4
1503 silly placeDep ROOT once@1.4.0 OK for: glob@7.1.7 want: ^1.3.0
1504 silly placeDep ROOT path-is-absolute@1.0.1 OK for: glob@7.1.7 want: ^1.0.0
1505 silly fetch manifest wrappy@1
1506 silly packumentCache full:https://registry.npmjs.org/wrappy cache-miss
1507 silly fetch manifest brace-expansion@^1.1.7
1508 silly packumentCache full:https://registry.npmjs.org/brace-expansion cache-miss
1509 silly fetch manifest wrappy@1
1510 silly packumentCache full:https://registry.npmjs.org/wrappy cache-miss
1511 http cache https://registry.npmjs.org/brace-expansion 2ms (cache hit)
1512 silly packumentCache full:https://registry.npmjs.org/brace-expansion set size:101024 disposed:false
1513 http fetch GET 200 https://registry.npmjs.org/wrappy 95ms (cache miss)
1514 silly packumentCache full:https://registry.npmjs.org/wrappy set size:undefined disposed:false
1515 http fetch GET 200 https://registry.npmjs.org/wrappy 96ms (cache miss)
1516 silly packumentCache full:https://registry.npmjs.org/wrappy set size:undefined disposed:false
1517 silly placeDep ROOT wrappy@1.0.2 OK for: inflight@1.0.6 want: 1
1518 silly placeDep node_modules/typechain brace-expansion@1.1.18 OK for: minimatch@3.1.5 want: ^1.1.7
1519 silly fetch manifest concat-map@0.0.1
1520 silly packumentCache full:https://registry.npmjs.org/concat-map cache-miss
1521 http fetch GET 200 https://registry.npmjs.org/concat-map 67ms (cache miss)
1522 silly packumentCache full:https://registry.npmjs.org/concat-map set size:undefined disposed:false
1523 silly placeDep ROOT concat-map@0.0.1 OK for: brace-expansion@1.1.18 want: 0.0.1
1524 silly placeDep node_modules/wrap-ansi-cjs emoji-regex@8.0.0 OK for: string-width@4.2.3 want: ^8.0.0
1525 silly placeDep node_modules/wrap-ansi ansi-regex@6.2.2 OK for: strip-ansi@7.2.0 want: ^6.2.2
1526 silly placeDep node_modules/yargs emoji-regex@8.0.0 OK for: string-width@4.2.3 want: ^8.0.0
1527 silly reify moves {}
1528 silly audit bulk request {
1528 silly audit   '@nomicfoundation/hardhat-toolbox-mocha-ethers': [ '3.0.7' ],
1528 silly audit   '@nomicfoundation/hardhat-ethers': [ '4.0.15' ],
1528 silly audit   hardhat: [ '3.12.0' ],
1528 silly audit   '@nomicfoundation/hardhat-ethers-chai-matchers': [ '3.0.11' ],
1528 silly audit   chai: [ '6.2.2' ],
1528 silly audit   ethers: [ '6.17.0' ],
1528 silly audit   '@nomicfoundation/hardhat-ignition': [ '3.1.8' ],
1528 silly audit   '@nomicfoundation/hardhat-verify': [ '3.0.22' ],
1528 silly audit   '@nomicfoundation/hardhat-ignition-ethers': [ '3.1.6' ],
1528 silly audit   '@nomicfoundation/ignition-core': [ '3.1.9' ],
1528 silly audit   '@nomicfoundation/hardhat-keystore': [ '3.0.12' ],
1528 silly audit   '@nomicfoundation/hardhat-mocha': [ '3.1.0' ],
1528 silly audit   mocha: [ '11.8.0' ],
1528 silly audit   '@nomicfoundation/hardhat-network-helpers': [ '3.0.11' ],
1528 silly audit   '@nomicfoundation/hardhat-typechain': [ '3.1.1' ],
1528 silly audit   dotenv: [ '16.6.1' ],
1528 silly audit   typescript: [ '5.9.3' ],
1528 silly audit   '@nomicfoundation/hardhat-errors': [ '3.0.18' ],
1528 silly audit   '@nomicfoundation/hardhat-utils': [ '4.1.7' ],
1528 silly audit   '@nomicfoundation/hardhat-zod-utils': [ '3.0.5' ],
1528 silly audit   zod: [ '3.25.76' ],
1528 silly audit   'ethereum-cryptography': [ '2.2.1' ],
1528 silly audit   '@types/chai-as-promised': [ '8.0.2' ],
1528 silly audit   'chai-as-promised': [ '8.0.2' ],
1528 silly audit   'deep-eql': [ '5.0.2' ],
1528 silly audit   '@nomicfoundation/ignition-ui': [ '3.1.2' ],
1528 silly audit   json5: [ '2.2.3' ],
1528 silly audit   prompts: [ '2.4.2' ],
1528 silly audit   '@noble/ciphers': [ '1.2.1' ],
1528 silly audit   '@noble/hashes': [ '1.7.1', '1.4.0', '1.3.2', '1.7.2' ],
1528 silly audit   tsx: [ '4.23.9' ],
1528 silly audit   '@typechain/ethers-v6': [ '0.5.1' ],
1528 silly audit   typechain: [ '8.3.2' ],
1528 silly audit   '@streamparser/json-node': [ '0.0.22' ],
1528 silly audit   'env-paths': [ '4.0.0' ],
1528 silly audit   'fast-equals': [ '5.4.1' ],
1528 silly audit   'json-stream-stringify': [ '3.1.7' ],
1528 silly audit   rfdc: [ '1.4.1' ],
1528 silly audit   undici: [ '6.28.0' ],
1528 silly audit   '@ethersproject/abi': [ '5.8.0' ],
1528 silly audit   cbor2: [ '2.3.0' ],
1528 silly audit   '@ethersproject/address': [ '5.8.0' ],
1528 silly audit   '@ethersproject/bignumber': [ '5.8.0' ],
1528 silly audit   '@ethersproject/bytes': [ '5.8.0' ],
1528 silly audit   '@ethersproject/constants': [ '5.8.0' ],
1528 silly audit   '@ethersproject/hash': [ '5.8.0' ],
1528 silly audit   '@ethersproject/keccak256': [ '5.8.0' ],
1528 silly audit   '@ethersproject/logger': [ '5.8.0' ],
1528 silly audit   '@ethersproject/properties': [ '5.8.0' ],
1528 silly audit   '@ethersproject/strings': [ '5.8.0' ],
1528 silly audit   '@ethersproject/rlp': [ '5.8.0' ],
1528 silly audit   'bn.js': [ '5.2.5', '4.12.5' ],
1528 silly audit   '@ethersproject/abstract-signer': [ '5.8.0' ],
1528 silly audit   '@ethersproject/base64': [ '5.8.0' ],
1528 silly audit   '@ethersproject/abstract-provider': [ '5.8.0' ],
1528 silly audit   '@ethersproject/networks': [ '5.8.0' ],
1528 silly audit   '@ethersproject/transactions': [ '5.8.0' ],
1528 silly audit   '@ethersproject/web': [ '5.8.0' ],
1528 silly audit   'js-sha3': [ '0.8.0' ],
1528 silly audit   '@ethersproject/signing-key': [ '5.8.0' ],
1528 silly audit   elliptic: [ '6.6.1' ],
1528 silly audit   'hash.js': [ '1.1.7' ],
1528 silly audit   '@nomicfoundation/solidity-analyzer': [ '0.1.2' ],
1528 silly audit   immer: [ '11.1.15' ],
1528 silly audit   'lodash-es': [ '4.18.1' ],
1528 silly audit   ndjson: [ '2.0.0' ],
1528 silly audit   '@nomicfoundation/solidity-analyzer-darwin-arm64': [ '0.1.2' ],
1528 silly audit   '@nomicfoundation/solidity-analyzer-darwin-x64': [ '0.1.2' ],
1528 silly audit   '@nomicfoundation/solidity-analyzer-linux-arm64-gnu': [ '0.1.2' ],
1528 silly audit   '@nomicfoundation/solidity-analyzer-linux-arm64-musl': [ '0.1.2' ],
1528 silly audit   '@nomicfoundation/solidity-analyzer-linux-x64-gnu': [ '0.1.2' ],
1528 silly audit   '@nomicfoundation/solidity-analyzer-linux-x64-musl': [ '0.1.2' ],
1528 silly audit   '@nomicfoundation/solidity-analyzer-win32-x64-msvc': [ '0.1.2' ],
1528 silly audit   '@streamparser/json': [ '0.0.22' ],
1528 silly audit   lodash: [ '4.18.1' ],
1528 silly audit   'ts-essentials': [ '7.0.3' ],
1528 silly audit   '@types/chai': [ '5.2.3' ],
1528 silly audit   '@types/deep-eql': [ '4.0.2' ],
1528 silly audit   'assertion-error': [ '2.0.1' ],
1528 silly audit   '@cto.af/wtf8': [ '0.0.5' ],
1528 silly audit   'check-error': [ '2.1.3' ],
1528 silly audit   brorand: [ '1.1.0' ],
1528 silly audit   'hmac-drbg': [ '1.0.1' ],
1528 silly audit   inherits: [ '2.0.4' ],
1528 silly audit   'minimalistic-assert': [ '1.0.1' ],
1528 silly audit   'minimalistic-crypto-utils': [ '1.0.1' ],
1528 silly audit   'is-safe-filename': [ '0.1.1' ],
1528 silly audit   '@noble/curves': [ '1.4.2', '1.2.0', '1.8.2' ],
1528 silly audit   '@scure/bip32': [ '1.4.0' ],
1528 silly audit   '@scure/bip39': [ '1.3.0' ],
1528 silly audit   '@scure/base': [ '1.1.9', '1.2.6' ],
1528 silly audit   '@adraffy/ens-normalize': [ '1.11.1' ],
1528 silly audit   '@types/node': [ '22.7.5' ],
1528 silly audit   'aes-js': [ '4.0.0-beta.5' ],
1528 silly audit   tslib: [ '2.7.0' ],
1528 silly audit   ws: [ '8.21.0', '8.21.2' ],
1528 silly audit   'undici-types': [ '6.19.8' ],
1528 silly audit   '@nomicfoundation/edr': [ '0.15.0' ],
1528 silly audit   '@nomicfoundation/hardhat-vendored': [ '3.0.4' ],
1528 silly audit   '@sentry/core': [ '9.47.1' ],
1528 silly audit   'adm-zip': [ '0.6.0' ],
1528 silly audit   chokidar: [ '5.0.0', '4.0.3' ],
1528 silly audit   enquirer: [ '2.4.1' ],
1528 silly audit   'micro-eth-signer': [ '0.14.0' ],
1528 silly audit   'p-map': [ '7.0.6' ],
1528 silly audit   'resolve.exports': [ '2.0.3' ],
1528 silly audit   semver: [ '7.8.5' ],
1528 silly audit   '@nomicfoundation/edr-darwin-arm64': [ '0.15.0' ],
1528 silly audit   '@nomicfoundation/edr-darwin-x64': [ '0.15.0' ],
1528 silly audit   '@nomicfoundation/edr-linux-arm64-gnu': [ '0.15.0' ],
1528 silly audit   '@nomicfoundation/edr-linux-arm64-musl': [ '0.15.0' ],
1528 silly audit   '@nomicfoundation/edr-linux-x64-gnu': [ '0.15.0' ],
1528 silly audit   '@nomicfoundation/edr-linux-x64-musl': [ '0.15.0' ],
1528 silly audit   '@nomicfoundation/edr-win32-x64-msvc': [ '0.15.0' ],
1528 silly audit   readdirp: [ '5.1.1', '4.1.2' ],
1528 silly audit   'ansi-colors': [ '4.1.3' ],
1528 silly audit   'strip-ansi': [ '6.0.1', '7.2.0' ],
1528 silly audit   'micro-packed': [ '0.7.3' ],
1528 silly audit   'browser-stdout': [ '1.3.1' ],
1528 silly audit   debug: [ '4.4.3' ],
1528 silly audit   diff: [ '7.0.0' ],
1528 silly audit   'escape-string-regexp': [ '4.0.0', '1.0.5' ],
1528 silly audit   'find-up': [ '5.0.0' ],
1528 silly audit   glob: [ '10.5.0', '7.1.7' ],
1528 silly audit   he: [ '1.2.0' ],
1528 silly audit   'is-path-inside': [ '3.0.3' ],
1528 silly audit   'js-yaml': [ '4.3.1' ],
1528 silly audit   'log-symbols': [ '4.1.0' ],
1528 silly audit   minimatch: [ '9.0.9', '3.1.5' ],
1528 silly audit   ms: [ '2.1.3' ],
1528 silly audit   picocolors: [ '1.1.1' ],
1528 silly audit   'serialize-javascript': [ '6.0.2' ],
1528 silly audit   'strip-json-comments': [ '3.1.1' ],
1528 silly audit   'supports-color': [ '8.1.1', '7.2.0', '5.5.0' ],
1528 silly audit   workerpool: [ '9.3.4' ],
1528 silly audit   yargs: [ '17.7.3' ],
1528 silly audit   'yargs-parser': [ '21.1.1' ],
1528 silly audit   'yargs-unparser': [ '2.0.0' ],
1528 silly audit   'locate-path': [ '6.0.0' ],
1528 silly audit   'path-exists': [ '4.0.0' ],
1528 silly audit   'foreground-child': [ '3.3.1' ],
1528 silly audit   jackspeak: [ '3.4.3' ],
1528 silly audit   minipass: [ '7.1.3' ],
1528 silly audit   'package-json-from-dist': [ '1.0.1' ],
1528 silly audit   'path-scurry': [ '1.11.1' ],
1528 silly audit   'cross-spawn': [ '7.0.6' ],
1528 silly audit   'signal-exit': [ '4.1.0' ],
1528 silly audit   'path-key': [ '3.1.1' ],
1528 silly audit   'shebang-command': [ '2.0.0' ],
1528 silly audit   which: [ '2.0.2' ],
1528 silly audit   '@isaacs/cliui': [ '8.0.2' ],
1528 silly audit   '@pkgjs/parseargs': [ '0.11.0' ],
1528 silly audit   'string-width': [ '5.1.2', '4.2.3' ],
1528 silly audit   'wrap-ansi': [ '8.1.0', '7.0.0' ],
1528 silly audit   argparse: [ '2.0.1' ],
1528 silly audit   'p-locate': [ '5.0.0' ],
1528 silly audit   chalk: [ '4.1.2', '2.4.2' ],
1528 silly audit   'is-unicode-supported': [ '0.1.0' ],
1528 silly audit   'ansi-styles': [ '4.3.0', '6.2.3', '3.2.1' ],
1528 silly audit   'color-convert': [ '2.0.1', '1.9.3' ],
1528 silly audit   'color-name': [ '1.1.4', '1.1.3' ],
1528 silly audit   'brace-expansion': [ '2.1.4', '1.1.18' ],
1528 silly audit   'balanced-match': [ '1.0.2' ],
1528 silly audit   'json-stringify-safe': [ '5.0.1' ],
1528 silly audit   minimist: [ '1.2.8' ],
1528 silly audit   'readable-stream': [ '3.6.2' ],
1528 silly audit   split2: [ '3.2.2' ],
1528 silly audit   through2: [ '4.0.2' ],
1528 silly audit   'p-limit': [ '3.1.0' ],
1528 silly audit   'yocto-queue': [ '0.1.0' ],
1528 silly audit   'lru-cache': [ '10.4.3' ],
1528 silly audit   kleur: [ '3.0.3' ],
1528 silly audit   sisteransi: [ '1.0.5' ],
1528 silly audit   string_decoder: [ '1.3.0' ],
1528 silly audit   'util-deprecate': [ '1.0.2' ],
1528 silly audit   randombytes: [ '2.1.0' ],
1528 silly audit   'safe-buffer': [ '5.2.1' ],
1528 silly audit   'shebang-regex': [ '3.0.0' ],
1528 silly audit   eastasianwidth: [ '0.2.0' ],
1528 silly audit   'emoji-regex': [ '9.2.2', '8.0.0' ],
1528 silly audit   'is-fullwidth-code-point': [ '3.0.0' ],
1528 silly audit   'ansi-regex': [ '5.0.1', '6.2.2' ],
1528 silly audit   'has-flag': [ '4.0.0', '3.0.0' ],
1528 silly audit   esbuild: [ '0.28.1' ],
1528 silly audit   fsevents: [ '2.3.3' ],
1528 silly audit   '@esbuild/aix-ppc64': [ '0.28.1' ],
1528 silly audit   '@esbuild/android-arm': [ '0.28.1' ],
1528 silly audit   '@esbuild/android-arm64': [ '0.28.1' ],
1528 silly audit   '@esbuild/android-x64': [ '0.28.1' ],
1528 silly audit   '@esbuild/darwin-arm64': [ '0.28.1' ],
1528 silly audit   '@esbuild/darwin-x64': [ '0.28.1' ],
1528 silly audit   '@esbuild/freebsd-arm64': [ '0.28.1' ],
1528 silly audit   '@esbuild/freebsd-x64': [ '0.28.1' ],
1528 silly audit   '@esbuild/linux-arm': [ '0.28.1' ],
1528 silly audit   '@esbuild/linux-arm64': [ '0.28.1' ],
1528 silly audit   '@esbuild/linux-ia32': [ '0.28.1' ],
1528 silly audit   '@esbuild/linux-loong64': [ '0.28.1' ],
1528 silly audit   '@esbuild/linux-mips64el': [ '0.28.1' ],
1528 silly audit   '@esbuild/linux-ppc64': [ '0.28.1' ],
1528 silly audit   '@esbuild/linux-riscv64': [ '0.28.1' ],
1528 silly audit   '@esbuild/linux-s390x': [ '0.28.1' ],
1528 silly audit   '@esbuild/linux-x64': [ '0.28.1' ],
1528 silly audit   '@esbuild/netbsd-arm64': [ '0.28.1' ],
1528 silly audit   '@esbuild/netbsd-x64': [ '0.28.1' ],
1528 silly audit   '@esbuild/openbsd-arm64': [ '0.28.1' ],
1528 silly audit   '@esbuild/openbsd-x64': [ '0.28.1' ],
1528 silly audit   '@esbuild/openharmony-arm64': [ '0.28.1' ],
1528 silly audit   '@esbuild/sunos-x64': [ '0.28.1' ],
1528 silly audit   '@esbuild/win32-arm64': [ '0.28.1' ],
1528 silly audit   '@esbuild/win32-ia32': [ '0.28.1' ],
1528 silly audit   '@esbuild/win32-x64': [ '0.28.1' ],
1528 silly audit   '@types/prettier': [ '2.7.3' ],
1528 silly audit   'fs-extra': [ '7.0.1' ],
1528 silly audit   mkdirp: [ '1.0.4' ],
1528 silly audit   prettier: [ '2.8.8' ],
1528 silly audit   'ts-command-line-args': [ '2.5.1' ],
1528 silly audit   'graceful-fs': [ '4.2.11' ],
1528 silly audit   jsonfile: [ '4.0.0' ],
1528 silly audit   universalify: [ '0.1.2' ],
1528 silly audit   'command-line-args': [ '5.2.1' ],
1528 silly audit   'command-line-usage': [ '6.1.3' ],
1528 silly audit   'string-format': [ '2.0.0' ],
1528 silly audit   'array-back': [ '3.1.0', '4.0.2' ],
1528 silly audit   'find-replace': [ '3.0.0' ],
1528 silly audit   'lodash.camelcase': [ '4.3.0' ],
1528 silly audit   typical: [ '4.0.0', '5.2.0' ],
1528 silly audit   'table-layout': [ '1.0.2' ],
1528 silly audit   'deep-extend': [ '0.6.0' ],
1528 silly audit   wordwrapjs: [ '4.0.1' ],
1528 silly audit   isexe: [ '2.0.0' ],
1528 silly audit   'reduce-flatten': [ '2.0.0' ],
1528 silly audit   cliui: [ '8.0.1' ],
1528 silly audit   escalade: [ '3.2.0' ],
1528 silly audit   'get-caller-file': [ '2.0.5' ],
1528 silly audit   'require-directory': [ '2.1.1' ],
1528 silly audit   y18n: [ '5.0.8' ],
1528 silly audit   camelcase: [ '6.3.0' ],
1528 silly audit   decamelize: [ '4.0.0' ],
1528 silly audit   flat: [ '5.0.2' ],
1528 silly audit   'is-plain-obj': [ '2.1.0' ],
1528 silly audit   'fs.realpath': [ '1.0.0' ],
1528 silly audit   inflight: [ '1.0.6' ],
1528 silly audit   once: [ '1.4.0' ],
1528 silly audit   'path-is-absolute': [ '1.0.1' ],
1528 silly audit   wrappy: [ '1.0.2' ],
1528 silly audit   'concat-map': [ '0.0.1' ]
1528 silly audit }
1529 verbose reify failed optional dependency /Users/vimukthideshan/Final Project/canela-ceylon-scm/blockchain/node_modules/@esbuild/win32-x64
1530 silly reify mark deleted [
1530 silly reify   '/Users/vimukthideshan/Final Project/canela-ceylon-scm/blockchain/node_modules/@esbuild/win32-x64'
1530 silly reify ]
1531 verbose reify failed optional dependency /Users/vimukthideshan/Final Project/canela-ceylon-scm/blockchain/node_modules/@esbuild/win32-ia32
1532 silly reify mark deleted [
1532 silly reify   '/Users/vimukthideshan/Final Project/canela-ceylon-scm/blockchain/node_modules/@esbuild/win32-ia32'
1532 silly reify ]
1533 verbose reify failed optional dependency /Users/vimukthideshan/Final Project/canela-ceylon-scm/blockchain/node_modules/@esbuild/win32-arm64
1534 silly reify mark deleted [
1534 silly reify   '/Users/vimukthideshan/Final Project/canela-ceylon-scm/blockchain/node_modules/@esbuild/win32-arm64'
1534 silly reify ]
1535 verbose reify failed optional dependency /Users/vimukthideshan/Final Project/canela-ceylon-scm/blockchain/node_modules/@esbuild/sunos-x64
1536 silly reify mark deleted [
1536 silly reify   '/Users/vimukthideshan/Final Project/canela-ceylon-scm/blockchain/node_modules/@esbuild/sunos-x64'
1536 silly reify ]
1537 verbose reify failed optional dependency /Users/vimukthideshan/Final Project/canela-ceylon-scm/blockchain/node_modules/@esbuild/openharmony-arm64
1538 silly reify mark deleted [
1538 silly reify   '/Users/vimukthideshan/Final Project/canela-ceylon-scm/blockchain/node_modules/@esbuild/openharmony-arm64'
1538 silly reify ]
1539 verbose reify failed optional dependency /Users/vimukthideshan/Final Project/canela-ceylon-scm/blockchain/node_modules/@esbuild/openbsd-x64
1540 silly reify mark deleted [
1540 silly reify   '/Users/vimukthideshan/Final Project/canela-ceylon-scm/blockchain/node_modules/@esbuild/openbsd-x64'
1540 silly reify ]
1541 verbose reify failed optional dependency /Users/vimukthideshan/Final Project/canela-ceylon-scm/blockchain/node_modules/@esbuild/openbsd-arm64
1542 silly reify mark deleted [
1542 silly reify   '/Users/vimukthideshan/Final Project/canela-ceylon-scm/blockchain/node_modules/@esbuild/openbsd-arm64'
1542 silly reify ]
1543 verbose reify failed optional dependency /Users/vimukthideshan/Final Project/canela-ceylon-scm/blockchain/node_modules/@esbuild/netbsd-x64
1544 silly reify mark deleted [
1544 silly reify   '/Users/vimukthideshan/Final Project/canela-ceylon-scm/blockchain/node_modules/@esbuild/netbsd-x64'
1544 silly reify ]
1545 verbose reify failed optional dependency /Users/vimukthideshan/Final Project/canela-ceylon-scm/blockchain/node_modules/@esbuild/netbsd-arm64
1546 silly reify mark deleted [
1546 silly reify   '/Users/vimukthideshan/Final Project/canela-ceylon-scm/blockchain/node_modules/@esbuild/netbsd-arm64'
1546 silly reify ]
1547 verbose reify failed optional dependency /Users/vimukthideshan/Final Project/canela-ceylon-scm/blockchain/node_modules/@esbuild/linux-x64
1548 silly reify mark deleted [
1548 silly reify   '/Users/vimukthideshan/Final Project/canela-ceylon-scm/blockchain/node_modules/@esbuild/linux-x64'
1548 silly reify ]
1549 verbose reify failed optional dependency /Users/vimukthideshan/Final Project/canela-ceylon-scm/blockchain/node_modules/@esbuild/linux-s390x
1550 silly reify mark deleted [
1550 silly reify   '/Users/vimukthideshan/Final Project/canela-ceylon-scm/blockchain/node_modules/@esbuild/linux-s390x'
1550 silly reify ]
1551 verbose reify failed optional dependency /Users/vimukthideshan/Final Project/canela-ceylon-scm/blockchain/node_modules/@esbuild/linux-riscv64
1552 silly reify mark deleted [
1552 silly reify   '/Users/vimukthideshan/Final Project/canela-ceylon-scm/blockchain/node_modules/@esbuild/linux-riscv64'
1552 silly reify ]
1553 verbose reify failed optional dependency /Users/vimukthideshan/Final Project/canela-ceylon-scm/blockchain/node_modules/@esbuild/linux-ppc64
1554 silly reify mark deleted [
1554 silly reify   '/Users/vimukthideshan/Final Project/canela-ceylon-scm/blockchain/node_modules/@esbuild/linux-ppc64'
1554 silly reify ]
1555 verbose reify failed optional dependency /Users/vimukthideshan/Final Project/canela-ceylon-scm/blockchain/node_modules/@esbuild/linux-mips64el
1556 silly reify mark deleted [
1556 silly reify   '/Users/vimukthideshan/Final Project/canela-ceylon-scm/blockchain/node_modules/@esbuild/linux-mips64el'
1556 silly reify ]
1557 verbose reify failed optional dependency /Users/vimukthideshan/Final Project/canela-ceylon-scm/blockchain/node_modules/@esbuild/linux-loong64
1558 silly reify mark deleted [
1558 silly reify   '/Users/vimukthideshan/Final Project/canela-ceylon-scm/blockchain/node_modules/@esbuild/linux-loong64'
1558 silly reify ]
1559 verbose reify failed optional dependency /Users/vimukthideshan/Final Project/canela-ceylon-scm/blockchain/node_modules/@esbuild/linux-ia32
1560 silly reify mark deleted [
1560 silly reify   '/Users/vimukthideshan/Final Project/canela-ceylon-scm/blockchain/node_modules/@esbuild/linux-ia32'
1560 silly reify ]
1561 verbose reify failed optional dependency /Users/vimukthideshan/Final Project/canela-ceylon-scm/blockchain/node_modules/@esbuild/linux-arm64
1562 silly reify mark deleted [
1562 silly reify   '/Users/vimukthideshan/Final Project/canela-ceylon-scm/blockchain/node_modules/@esbuild/linux-arm64'
1562 silly reify ]
1563 verbose reify failed optional dependency /Users/vimukthideshan/Final Project/canela-ceylon-scm/blockchain/node_modules/@esbuild/linux-arm
1564 silly reify mark deleted [
1564 silly reify   '/Users/vimukthideshan/Final Project/canela-ceylon-scm/blockchain/node_modules/@esbuild/linux-arm'
1564 silly reify ]
1565 verbose reify failed optional dependency /Users/vimukthideshan/Final Project/canela-ceylon-scm/blockchain/node_modules/@esbuild/freebsd-x64
1566 silly reify mark deleted [
1566 silly reify   '/Users/vimukthideshan/Final Project/canela-ceylon-scm/blockchain/node_modules/@esbuild/freebsd-x64'
1566 silly reify ]
1567 verbose reify failed optional dependency /Users/vimukthideshan/Final Project/canela-ceylon-scm/blockchain/node_modules/@esbuild/freebsd-arm64
1568 silly reify mark deleted [
1568 silly reify   '/Users/vimukthideshan/Final Project/canela-ceylon-scm/blockchain/node_modules/@esbuild/freebsd-arm64'
1568 silly reify ]
1569 verbose reify failed optional dependency /Users/vimukthideshan/Final Project/canela-ceylon-scm/blockchain/node_modules/@esbuild/darwin-x64
1570 silly reify mark deleted [
1570 silly reify   '/Users/vimukthideshan/Final Project/canela-ceylon-scm/blockchain/node_modules/@esbuild/darwin-x64'
1570 silly reify ]
1571 verbose reify failed optional dependency /Users/vimukthideshan/Final Project/canela-ceylon-scm/blockchain/node_modules/@esbuild/android-x64
1572 silly reify mark deleted [
1572 silly reify   '/Users/vimukthideshan/Final Project/canela-ceylon-scm/blockchain/node_modules/@esbuild/android-x64'
1572 silly reify ]
1573 verbose reify failed optional dependency /Users/vimukthideshan/Final Project/canela-ceylon-scm/blockchain/node_modules/@esbuild/android-arm64
1574 silly reify mark deleted [
1574 silly reify   '/Users/vimukthideshan/Final Project/canela-ceylon-scm/blockchain/node_modules/@esbuild/android-arm64'
1574 silly reify ]
1575 verbose reify failed optional dependency /Users/vimukthideshan/Final Project/canela-ceylon-scm/blockchain/node_modules/@esbuild/android-arm
1576 silly reify mark deleted [
1576 silly reify   '/Users/vimukthideshan/Final Project/canela-ceylon-scm/blockchain/node_modules/@esbuild/android-arm'
1576 silly reify ]
1577 verbose reify failed optional dependency /Users/vimukthideshan/Final Project/canela-ceylon-scm/blockchain/node_modules/@esbuild/aix-ppc64
1578 silly reify mark deleted [
1578 silly reify   '/Users/vimukthideshan/Final Project/canela-ceylon-scm/blockchain/node_modules/@esbuild/aix-ppc64'
1578 silly reify ]
1579 http cache concat-map@https://registry.npmjs.org/concat-map/-/concat-map-0.0.1.tgz 0ms (cache hit)
1580 http cache path-is-absolute@https://registry.npmjs.org/path-is-absolute/-/path-is-absolute-1.0.1.tgz 0ms (cache hit)
1581 http cache fs.realpath@https://registry.npmjs.org/fs.realpath/-/fs.realpath-1.0.0.tgz 0ms (cache hit)
1582 http cache is-plain-obj@https://registry.npmjs.org/is-plain-obj/-/is-plain-obj-2.1.0.tgz 0ms (cache hit)
1583 http cache inflight@https://registry.npmjs.org/inflight/-/inflight-1.0.6.tgz 0ms (cache hit)
1584 http cache wrappy@https://registry.npmjs.org/wrappy/-/wrappy-1.0.2.tgz 0ms (cache hit)
1585 http cache decamelize@https://registry.npmjs.org/decamelize/-/decamelize-4.0.0.tgz 0ms (cache hit)
1586 http cache camelcase@https://registry.npmjs.org/camelcase/-/camelcase-6.3.0.tgz 0ms (cache hit)
1587 http cache y18n@https://registry.npmjs.org/y18n/-/y18n-5.0.8.tgz 0ms (cache hit)
1588 http cache flat@https://registry.npmjs.org/flat/-/flat-5.0.2.tgz 0ms (cache hit)
1589 http cache require-directory@https://registry.npmjs.org/require-directory/-/require-directory-2.1.1.tgz 0ms (cache hit)
1590 http cache get-caller-file@https://registry.npmjs.org/get-caller-file/-/get-caller-file-2.0.5.tgz 0ms (cache hit)
1591 http cache once@https://registry.npmjs.org/once/-/once-1.4.0.tgz 0ms (cache hit)
1592 http cache escalade@https://registry.npmjs.org/escalade/-/escalade-3.2.0.tgz 0ms (cache hit)
1593 http cache isexe@https://registry.npmjs.org/isexe/-/isexe-2.0.0.tgz 0ms (cache hit)
1594 http cache reduce-flatten@https://registry.npmjs.org/reduce-flatten/-/reduce-flatten-2.0.0.tgz 0ms (cache hit)
1595 http cache cliui@https://registry.npmjs.org/cliui/-/cliui-8.0.1.tgz 0ms (cache hit)
1596 http cache wordwrapjs@https://registry.npmjs.org/wordwrapjs/-/wordwrapjs-4.0.1.tgz 0ms (cache hit)
1597 http cache deep-extend@https://registry.npmjs.org/deep-extend/-/deep-extend-0.6.0.tgz 0ms (cache hit)
1598 http cache table-layout@https://registry.npmjs.org/table-layout/-/table-layout-1.0.2.tgz 0ms (cache hit)
1599 http cache lodash.camelcase@https://registry.npmjs.org/lodash.camelcase/-/lodash.camelcase-4.3.0.tgz 0ms (cache hit)
1600 http cache typical@https://registry.npmjs.org/typical/-/typical-4.0.0.tgz 0ms (cache hit)
1601 http cache find-replace@https://registry.npmjs.org/find-replace/-/find-replace-3.0.0.tgz 0ms (cache hit)
1602 http cache array-back@https://registry.npmjs.org/array-back/-/array-back-3.1.0.tgz 0ms (cache hit)
1603 http cache command-line-usage@https://registry.npmjs.org/command-line-usage/-/command-line-usage-6.1.3.tgz 0ms (cache hit)
1604 http cache string-format@https://registry.npmjs.org/string-format/-/string-format-2.0.0.tgz 0ms (cache hit)
1605 http cache universalify@https://registry.npmjs.org/universalify/-/universalify-0.1.2.tgz 0ms (cache hit)
1606 http cache command-line-args@https://registry.npmjs.org/command-line-args/-/command-line-args-5.2.1.tgz 0ms (cache hit)
1607 http cache graceful-fs@https://registry.npmjs.org/graceful-fs/-/graceful-fs-4.2.11.tgz 0ms (cache hit)
1608 http cache prettier@https://registry.npmjs.org/prettier/-/prettier-2.8.8.tgz 0ms (cache hit)
1609 http cache jsonfile@https://registry.npmjs.org/jsonfile/-/jsonfile-4.0.0.tgz 0ms (cache hit)
1610 http cache ts-command-line-args@https://registry.npmjs.org/ts-command-line-args/-/ts-command-line-args-2.5.1.tgz 0ms (cache hit)
1611 http cache mkdirp@https://registry.npmjs.org/mkdirp/-/mkdirp-1.0.4.tgz 0ms (cache hit)
1612 http cache fs-extra@https://registry.npmjs.org/fs-extra/-/fs-extra-7.0.1.tgz 0ms (cache hit)
1613 http cache @esbuild/darwin-arm64@https://registry.npmjs.org/@esbuild/darwin-arm64/-/darwin-arm64-0.28.1.tgz 0ms (cache hit)
1614 http cache fsevents@https://registry.npmjs.org/fsevents/-/fsevents-2.3.3.tgz 0ms (cache hit)
1615 http cache esbuild@https://registry.npmjs.org/esbuild/-/esbuild-0.28.1.tgz 0ms (cache hit)
1616 http cache @types/prettier@https://registry.npmjs.org/@types/prettier/-/prettier-2.7.3.tgz 0ms (cache hit)
1617 http cache has-flag@https://registry.npmjs.org/has-flag/-/has-flag-4.0.0.tgz 0ms (cache hit)
1618 http cache is-fullwidth-code-point@https://registry.npmjs.org/is-fullwidth-code-point/-/is-fullwidth-code-point-3.0.0.tgz 0ms (cache hit)
1619 http cache ansi-regex@https://registry.npmjs.org/ansi-regex/-/ansi-regex-5.0.1.tgz 0ms (cache hit)
1620 http cache emoji-regex@https://registry.npmjs.org/emoji-regex/-/emoji-regex-9.2.2.tgz 0ms (cache hit)
1621 http cache eastasianwidth@https://registry.npmjs.org/eastasianwidth/-/eastasianwidth-0.2.0.tgz 0ms (cache hit)
1622 http cache safe-buffer@https://registry.npmjs.org/safe-buffer/-/safe-buffer-5.2.1.tgz 0ms (cache hit)
1623 http cache randombytes@https://registry.npmjs.org/randombytes/-/randombytes-2.1.0.tgz 0ms (cache hit)
1624 http cache shebang-regex@https://registry.npmjs.org/shebang-regex/-/shebang-regex-3.0.0.tgz 0ms (cache hit)
1625 http cache util-deprecate@https://registry.npmjs.org/util-deprecate/-/util-deprecate-1.0.2.tgz 0ms (cache hit)
1626 http cache string_decoder@https://registry.npmjs.org/string_decoder/-/string_decoder-1.3.0.tgz 0ms (cache hit)
1627 http cache sisteransi@https://registry.npmjs.org/sisteransi/-/sisteransi-1.0.5.tgz 0ms (cache hit)
1628 http cache kleur@https://registry.npmjs.org/kleur/-/kleur-3.0.3.tgz 0ms (cache hit)
1629 http cache lru-cache@https://registry.npmjs.org/lru-cache/-/lru-cache-10.4.3.tgz 0ms (cache hit)
1630 http cache yocto-queue@https://registry.npmjs.org/yocto-queue/-/yocto-queue-0.1.0.tgz 0ms (cache hit)
1631 http cache split2@https://registry.npmjs.org/split2/-/split2-3.2.2.tgz 0ms (cache hit)
1632 http cache p-limit@https://registry.npmjs.org/p-limit/-/p-limit-3.1.0.tgz 0ms (cache hit)
1633 http cache through2@https://registry.npmjs.org/through2/-/through2-4.0.2.tgz 0ms (cache hit)
1634 http cache readable-stream@https://registry.npmjs.org/readable-stream/-/readable-stream-3.6.2.tgz 0ms (cache hit)
1635 http cache minimist@https://registry.npmjs.org/minimist/-/minimist-1.2.8.tgz 0ms (cache hit)
1636 http cache json-stringify-safe@https://registry.npmjs.org/json-stringify-safe/-/json-stringify-safe-5.0.1.tgz 0ms (cache hit)
1637 http cache brace-expansion@https://registry.npmjs.org/brace-expansion/-/brace-expansion-2.1.4.tgz 0ms (cache hit)
1638 http cache balanced-match@https://registry.npmjs.org/balanced-match/-/balanced-match-1.0.2.tgz 0ms (cache hit)
1639 http cache color-name@https://registry.npmjs.org/color-name/-/color-name-1.1.4.tgz 0ms (cache hit)
1640 http cache ansi-styles@https://registry.npmjs.org/ansi-styles/-/ansi-styles-4.3.0.tgz 0ms (cache hit)
1641 http cache color-convert@https://registry.npmjs.org/color-convert/-/color-convert-2.0.1.tgz 0ms (cache hit)
1642 http cache p-locate@https://registry.npmjs.org/p-locate/-/p-locate-5.0.0.tgz 0ms (cache hit)
1643 http cache is-unicode-supported@https://registry.npmjs.org/is-unicode-supported/-/is-unicode-supported-0.1.0.tgz 0ms (cache hit)
1644 http cache wrap-ansi-cjs@https://registry.npmjs.org/wrap-ansi/-/wrap-ansi-7.0.0.tgz 0ms (cache hit)
1645 http cache wrap-ansi@https://registry.npmjs.org/wrap-ansi/-/wrap-ansi-8.1.0.tgz 0ms (cache hit)
1646 http cache strip-ansi-cjs@https://registry.npmjs.org/strip-ansi/-/strip-ansi-6.0.1.tgz 0ms (cache hit)
1647 http cache argparse@https://registry.npmjs.org/argparse/-/argparse-2.0.1.tgz 0ms (cache hit)
1648 http cache string-width-cjs@https://registry.npmjs.org/string-width/-/string-width-4.2.3.tgz 0ms (cache hit)
1649 http cache string-width@https://registry.npmjs.org/string-width/-/string-width-5.1.2.tgz 0ms (cache hit)
1650 http cache @pkgjs/parseargs@https://registry.npmjs.org/@pkgjs/parseargs/-/parseargs-0.11.0.tgz 0ms (cache hit)
1651 http cache which@https://registry.npmjs.org/which/-/which-2.0.2.tgz 0ms (cache hit)
1652 http cache @isaacs/cliui@https://registry.npmjs.org/@isaacs/cliui/-/cliui-8.0.2.tgz 0ms (cache hit)
1653 http cache shebang-command@https://registry.npmjs.org/shebang-command/-/shebang-command-2.0.0.tgz 0ms (cache hit)
1654 http cache chalk@https://registry.npmjs.org/chalk/-/chalk-4.1.2.tgz 0ms (cache hit)
1655 http cache path-key@https://registry.npmjs.org/path-key/-/path-key-3.1.1.tgz 0ms (cache hit)
1656 http cache signal-exit@https://registry.npmjs.org/signal-exit/-/signal-exit-4.1.0.tgz 0ms (cache hit)
1657 http cache cross-spawn@https://registry.npmjs.org/cross-spawn/-/cross-spawn-7.0.6.tgz 0ms (cache hit)
1658 http cache package-json-from-dist@https://registry.npmjs.org/package-json-from-dist/-/package-json-from-dist-1.0.1.tgz 0ms (cache hit)
1659 http cache minipass@https://registry.npmjs.org/minipass/-/minipass-7.1.3.tgz 0ms (cache hit)
1660 http cache jackspeak@https://registry.npmjs.org/jackspeak/-/jackspeak-3.4.3.tgz 0ms (cache hit)
1661 http cache path-scurry@https://registry.npmjs.org/path-scurry/-/path-scurry-1.11.1.tgz 0ms (cache hit)
1662 http cache foreground-child@https://registry.npmjs.org/foreground-child/-/foreground-child-3.3.1.tgz 0ms (cache hit)
1663 http cache path-exists@https://registry.npmjs.org/path-exists/-/path-exists-4.0.0.tgz 0ms (cache hit)
1664 http cache locate-path@https://registry.npmjs.org/locate-path/-/locate-path-6.0.0.tgz 0ms (cache hit)
1665 http cache yargs-unparser@https://registry.npmjs.org/yargs-unparser/-/yargs-unparser-2.0.0.tgz 0ms (cache hit)
1666 http cache yargs-parser@https://registry.npmjs.org/yargs-parser/-/yargs-parser-21.1.1.tgz 0ms (cache hit)
1667 http cache yargs@https://registry.npmjs.org/yargs/-/yargs-17.7.3.tgz 0ms (cache hit)
1668 http cache workerpool@https://registry.npmjs.org/workerpool/-/workerpool-9.3.4.tgz 0ms (cache hit)
1669 http cache supports-color@https://registry.npmjs.org/supports-color/-/supports-color-8.1.1.tgz 0ms (cache hit)
1670 http cache strip-json-comments@https://registry.npmjs.org/strip-json-comments/-/strip-json-comments-3.1.1.tgz 0ms (cache hit)
1671 http cache serialize-javascript@https://registry.npmjs.org/serialize-javascript/-/serialize-javascript-6.0.2.tgz 0ms (cache hit)
1672 http cache picocolors@https://registry.npmjs.org/picocolors/-/picocolors-1.1.1.tgz 0ms (cache hit)
1673 http cache ms@https://registry.npmjs.org/ms/-/ms-2.1.3.tgz 0ms (cache hit)
1674 http cache minimatch@https://registry.npmjs.org/minimatch/-/minimatch-9.0.9.tgz 0ms (cache hit)
1675 http cache js-yaml@https://registry.npmjs.org/js-yaml/-/js-yaml-4.3.1.tgz 0ms (cache hit)
1676 http cache log-symbols@https://registry.npmjs.org/log-symbols/-/log-symbols-4.1.0.tgz 0ms (cache hit)
1677 http cache is-path-inside@https://registry.npmjs.org/is-path-inside/-/is-path-inside-3.0.3.tgz 0ms (cache hit)
1678 http cache he@https://registry.npmjs.org/he/-/he-1.2.0.tgz 0ms (cache hit)
1679 http cache glob@https://registry.npmjs.org/glob/-/glob-10.5.0.tgz 0ms (cache hit)
1680 http cache find-up@https://registry.npmjs.org/find-up/-/find-up-5.0.0.tgz 0ms (cache hit)
1681 http cache escape-string-regexp@https://registry.npmjs.org/escape-string-regexp/-/escape-string-regexp-4.0.0.tgz 0ms (cache hit)
1682 http cache diff@https://registry.npmjs.org/diff/-/diff-7.0.0.tgz 0ms (cache hit)
1683 http cache debug@https://registry.npmjs.org/debug/-/debug-4.4.3.tgz 0ms (cache hit)
1684 http cache strip-ansi@https://registry.npmjs.org/strip-ansi/-/strip-ansi-6.0.1.tgz 0ms (cache hit)
1685 http cache browser-stdout@https://registry.npmjs.org/browser-stdout/-/browser-stdout-1.3.1.tgz 0ms (cache hit)
1686 http cache micro-packed@https://registry.npmjs.org/micro-packed/-/micro-packed-0.7.3.tgz 0ms (cache hit)
1687 http cache readdirp@https://registry.npmjs.org/readdirp/-/readdirp-5.1.1.tgz 0ms (cache hit)
1688 http cache ansi-colors@https://registry.npmjs.org/ansi-colors/-/ansi-colors-4.1.3.tgz 0ms (cache hit)
1689 http cache @nomicfoundation/edr-win32-x64-msvc@https://registry.npmjs.org/@nomicfoundation/edr-win32-x64-msvc/-/edr-win32-x64-msvc-0.15.0.tgz 0ms (cache hit)
1690 http cache @nomicfoundation/edr-linux-arm64-musl@https://registry.npmjs.org/@nomicfoundation/edr-linux-arm64-musl/-/edr-linux-arm64-musl-0.15.0.tgz 0ms (cache hit)
1691 http cache @nomicfoundation/edr-linux-arm64-gnu@https://registry.npmjs.org/@nomicfoundation/edr-linux-arm64-gnu/-/edr-linux-arm64-gnu-0.15.0.tgz 0ms (cache hit)
1692 http cache @nomicfoundation/edr-darwin-arm64@https://registry.npmjs.org/@nomicfoundation/edr-darwin-arm64/-/edr-darwin-arm64-0.15.0.tgz 0ms (cache hit)
1693 http cache @nomicfoundation/edr-darwin-x64@https://registry.npmjs.org/@nomicfoundation/edr-darwin-x64/-/edr-darwin-x64-0.15.0.tgz 0ms (cache hit)
1694 http cache resolve.exports@https://registry.npmjs.org/resolve.exports/-/resolve.exports-2.0.3.tgz 0ms (cache hit)
1695 http cache @nomicfoundation/edr-linux-x64-musl@https://registry.npmjs.org/@nomicfoundation/edr-linux-x64-musl/-/edr-linux-x64-musl-0.15.0.tgz 0ms (cache hit)
1696 http cache micro-eth-signer@https://registry.npmjs.org/micro-eth-signer/-/micro-eth-signer-0.14.0.tgz 0ms (cache hit)
1697 http cache p-map@https://registry.npmjs.org/p-map/-/p-map-7.0.6.tgz 0ms (cache hit)
1698 http cache @nomicfoundation/edr-linux-x64-gnu@https://registry.npmjs.org/@nomicfoundation/edr-linux-x64-gnu/-/edr-linux-x64-gnu-0.15.0.tgz 0ms (cache hit)
1699 http cache adm-zip@https://registry.npmjs.org/adm-zip/-/adm-zip-0.6.0.tgz 0ms (cache hit)
1700 http cache @sentry/core@https://registry.npmjs.org/@sentry/core/-/core-9.47.1.tgz 0ms (cache hit)
1701 http cache enquirer@https://registry.npmjs.org/enquirer/-/enquirer-2.4.1.tgz 0ms (cache hit)
1702 http cache semver@https://registry.npmjs.org/semver/-/semver-7.8.5.tgz 0ms (cache hit)
1703 http cache chokidar@https://registry.npmjs.org/chokidar/-/chokidar-5.0.0.tgz 0ms (cache hit)
1704 http cache @nomicfoundation/edr@https://registry.npmjs.org/@nomicfoundation/edr/-/edr-0.15.0.tgz 0ms (cache hit)
1705 http cache undici-types@https://registry.npmjs.org/undici-types/-/undici-types-6.19.8.tgz 0ms (cache hit)
1706 http cache @nomicfoundation/hardhat-vendored@https://registry.npmjs.org/@nomicfoundation/hardhat-vendored/-/hardhat-vendored-3.0.4.tgz 0ms (cache hit)
1707 http cache ws@https://registry.npmjs.org/ws/-/ws-8.21.0.tgz 0ms (cache hit)
1708 http cache aes-js@https://registry.npmjs.org/aes-js/-/aes-js-4.0.0-beta.5.tgz 0ms (cache hit)
1709 http cache @adraffy/ens-normalize@https://registry.npmjs.org/@adraffy/ens-normalize/-/ens-normalize-1.11.1.tgz 0ms (cache hit)
1710 http cache @types/node@https://registry.npmjs.org/@types/node/-/node-22.7.5.tgz 0ms (cache hit)
1711 http cache tslib@https://registry.npmjs.org/tslib/-/tslib-2.7.0.tgz 0ms (cache hit)
1712 http cache @scure/base@https://registry.npmjs.org/@scure/base/-/base-1.1.9.tgz 0ms (cache hit)
1713 http cache @scure/bip39@https://registry.npmjs.org/@scure/bip39/-/bip39-1.3.0.tgz 0ms (cache hit)
1714 http cache is-safe-filename@https://registry.npmjs.org/is-safe-filename/-/is-safe-filename-0.1.1.tgz 0ms (cache hit)
1715 http cache @noble/curves@https://registry.npmjs.org/@noble/curves/-/curves-1.4.2.tgz 0ms (cache hit)
1716 http cache @scure/bip32@https://registry.npmjs.org/@scure/bip32/-/bip32-1.4.0.tgz 0ms (cache hit)
1717 http cache minimalistic-crypto-utils@https://registry.npmjs.org/minimalistic-crypto-utils/-/minimalistic-crypto-utils-1.0.1.tgz 0ms (cache hit)
1718 http cache minimalistic-assert@https://registry.npmjs.org/minimalistic-assert/-/minimalistic-assert-1.0.1.tgz 0ms (cache hit)
1719 http cache inherits@https://registry.npmjs.org/inherits/-/inherits-2.0.4.tgz 0ms (cache hit)
1720 http cache hmac-drbg@https://registry.npmjs.org/hmac-drbg/-/hmac-drbg-1.0.1.tgz 0ms (cache hit)
1721 http cache brorand@https://registry.npmjs.org/brorand/-/brorand-1.1.0.tgz 0ms (cache hit)
1722 http cache check-error@https://registry.npmjs.org/check-error/-/check-error-2.1.3.tgz 0ms (cache hit)
1723 http cache @cto.af/wtf8@https://registry.npmjs.org/@cto.af/wtf8/-/wtf8-0.0.5.tgz 0ms (cache hit)
1724 http cache assertion-error@https://registry.npmjs.org/assertion-error/-/assertion-error-2.0.1.tgz 0ms (cache hit)
1725 http cache @types/deep-eql@https://registry.npmjs.org/@types/deep-eql/-/deep-eql-4.0.2.tgz 0ms (cache hit)
1726 http cache @types/chai@https://registry.npmjs.org/@types/chai/-/chai-5.2.3.tgz 0ms (cache hit)
1727 http cache ts-essentials@https://registry.npmjs.org/ts-essentials/-/ts-essentials-7.0.3.tgz 0ms (cache hit)
1728 http cache @nomicfoundation/solidity-analyzer-win32-x64-msvc@https://registry.npmjs.org/@nomicfoundation/solidity-analyzer-win32-x64-msvc/-/solidity-analyzer-win32-x64-msvc-0.1.2.tgz 0ms (cache hit)
1729 http cache lodash@https://registry.npmjs.org/lodash/-/lodash-4.18.1.tgz 0ms (cache hit)
1730 http cache @nomicfoundation/solidity-analyzer-linux-x64-musl@https://registry.npmjs.org/@nomicfoundation/solidity-analyzer-linux-x64-musl/-/solidity-analyzer-linux-x64-musl-0.1.2.tgz 0ms (cache hit)
1731 http cache @streamparser/json@https://registry.npmjs.org/@streamparser/json/-/json-0.0.22.tgz 0ms (cache hit)
1732 http cache @nomicfoundation/solidity-analyzer-linux-x64-gnu@https://registry.npmjs.org/@nomicfoundation/solidity-analyzer-linux-x64-gnu/-/solidity-analyzer-linux-x64-gnu-0.1.2.tgz 0ms (cache hit)
1733 http cache @nomicfoundation/solidity-analyzer-linux-arm64-musl@https://registry.npmjs.org/@nomicfoundation/solidity-analyzer-linux-arm64-musl/-/solidity-analyzer-linux-arm64-musl-0.1.2.tgz 0ms (cache hit)
1734 http cache @nomicfoundation/solidity-analyzer-linux-arm64-gnu@https://registry.npmjs.org/@nomicfoundation/solidity-analyzer-linux-arm64-gnu/-/solidity-analyzer-linux-arm64-gnu-0.1.2.tgz 0ms (cache hit)
1735 http cache @nomicfoundation/solidity-analyzer-darwin-x64@https://registry.npmjs.org/@nomicfoundation/solidity-analyzer-darwin-x64/-/solidity-analyzer-darwin-x64-0.1.2.tgz 0ms (cache hit)
1736 http cache ndjson@https://registry.npmjs.org/ndjson/-/ndjson-2.0.0.tgz 0ms (cache hit)
1737 http cache @nomicfoundation/solidity-analyzer-darwin-arm64@https://registry.npmjs.org/@nomicfoundation/solidity-analyzer-darwin-arm64/-/solidity-analyzer-darwin-arm64-0.1.2.tgz 0ms (cache hit)
1738 http cache lodash-es@https://registry.npmjs.org/lodash-es/-/lodash-es-4.18.1.tgz 0ms (cache hit)
1739 http cache immer@https://registry.npmjs.org/immer/-/immer-11.1.15.tgz 0ms (cache hit)
1740 http cache elliptic@https://registry.npmjs.org/elliptic/-/elliptic-6.6.1.tgz 0ms (cache hit)
1741 http cache @ethersproject/signing-key@https://registry.npmjs.org/@ethersproject/signing-key/-/signing-key-5.8.0.tgz 0ms (cache hit)
1742 http cache @nomicfoundation/solidity-analyzer@https://registry.npmjs.org/@nomicfoundation/solidity-analyzer/-/solidity-analyzer-0.1.2.tgz 0ms (cache hit)
1743 http cache hash.js@https://registry.npmjs.org/hash.js/-/hash.js-1.1.7.tgz 0ms (cache hit)
1744 http cache js-sha3@https://registry.npmjs.org/js-sha3/-/js-sha3-0.8.0.tgz 0ms (cache hit)
1745 http cache @ethersproject/web@https://registry.npmjs.org/@ethersproject/web/-/web-5.8.0.tgz 0ms (cache hit)
1746 http cache @ethersproject/abstract-provider@https://registry.npmjs.org/@ethersproject/abstract-provider/-/abstract-provider-5.8.0.tgz 0ms (cache hit)
1747 http cache @ethersproject/base64@https://registry.npmjs.org/@ethersproject/base64/-/base64-5.8.0.tgz 0ms (cache hit)
1748 http cache @ethersproject/networks@https://registry.npmjs.org/@ethersproject/networks/-/networks-5.8.0.tgz 0ms (cache hit)
1749 http cache @ethersproject/transactions@https://registry.npmjs.org/@ethersproject/transactions/-/transactions-5.8.0.tgz 0ms (cache hit)
1750 http cache bn.js@https://registry.npmjs.org/bn.js/-/bn.js-5.2.5.tgz 0ms (cache hit)
1751 http cache @ethersproject/abstract-signer@https://registry.npmjs.org/@ethersproject/abstract-signer/-/abstract-signer-5.8.0.tgz 0ms (cache hit)
1752 http cache @ethersproject/rlp@https://registry.npmjs.org/@ethersproject/rlp/-/rlp-5.8.0.tgz 0ms (cache hit)
1753 http cache @ethersproject/keccak256@https://registry.npmjs.org/@ethersproject/keccak256/-/keccak256-5.8.0.tgz 0ms (cache hit)
1754 http cache @ethersproject/properties@https://registry.npmjs.org/@ethersproject/properties/-/properties-5.8.0.tgz 0ms (cache hit)
1755 http cache @ethersproject/strings@https://registry.npmjs.org/@ethersproject/strings/-/strings-5.8.0.tgz 0ms (cache hit)
1756 http cache @ethersproject/logger@https://registry.npmjs.org/@ethersproject/logger/-/logger-5.8.0.tgz 0ms (cache hit)
1757 http cache @ethersproject/constants@https://registry.npmjs.org/@ethersproject/constants/-/constants-5.8.0.tgz 0ms (cache hit)
1758 http cache @ethersproject/hash@https://registry.npmjs.org/@ethersproject/hash/-/hash-5.8.0.tgz 0ms (cache hit)
1759 http cache @ethersproject/bignumber@https://registry.npmjs.org/@ethersproject/bignumber/-/bignumber-5.8.0.tgz 0ms (cache hit)
1760 http cache @ethersproject/address@https://registry.npmjs.org/@ethersproject/address/-/address-5.8.0.tgz 0ms (cache hit)
1761 http cache @ethersproject/abi@https://registry.npmjs.org/@ethersproject/abi/-/abi-5.8.0.tgz 0ms (cache hit)
1762 http cache @ethersproject/bytes@https://registry.npmjs.org/@ethersproject/bytes/-/bytes-5.8.0.tgz 0ms (cache hit)
1763 http cache undici@https://registry.npmjs.org/undici/-/undici-6.28.0.tgz 0ms (cache hit)
1764 http cache cbor2@https://registry.npmjs.org/cbor2/-/cbor2-2.3.0.tgz 0ms (cache hit)
1765 http cache fast-equals@https://registry.npmjs.org/fast-equals/-/fast-equals-5.4.1.tgz 0ms (cache hit)
1766 http cache rfdc@https://registry.npmjs.org/rfdc/-/rfdc-1.4.1.tgz 0ms (cache hit)
1767 http cache json-stream-stringify@https://registry.npmjs.org/json-stream-stringify/-/json-stream-stringify-3.1.7.tgz 0ms (cache hit)
1768 http cache @streamparser/json-node@https://registry.npmjs.org/@streamparser/json-node/-/json-node-0.0.22.tgz 0ms (cache hit)
1769 http cache env-paths@https://registry.npmjs.org/env-paths/-/env-paths-4.0.0.tgz 0ms (cache hit)
1770 http cache @typechain/ethers-v6@https://registry.npmjs.org/@typechain/ethers-v6/-/ethers-v6-0.5.1.tgz 0ms (cache hit)
1771 http cache @noble/ciphers@https://registry.npmjs.org/@noble/ciphers/-/ciphers-1.2.1.tgz 0ms (cache hit)
1772 http cache @noble/hashes@https://registry.npmjs.org/@noble/hashes/-/hashes-1.7.1.tgz 0ms (cache hit)
1773 http cache typechain@https://registry.npmjs.org/typechain/-/typechain-8.3.2.tgz 0ms (cache hit)
1774 http cache tsx@https://registry.npmjs.org/tsx/-/tsx-4.23.9.tgz 0ms (cache hit)
1775 http cache json5@https://registry.npmjs.org/json5/-/json5-2.2.3.tgz 0ms (cache hit)
1776 http cache prompts@https://registry.npmjs.org/prompts/-/prompts-2.4.2.tgz 0ms (cache hit)
1777 http cache @nomicfoundation/ignition-ui@https://registry.npmjs.org/@nomicfoundation/ignition-ui/-/ignition-ui-3.1.2.tgz 0ms (cache hit)
1778 http cache @types/chai-as-promised@https://registry.npmjs.org/@types/chai-as-promised/-/chai-as-promised-8.0.2.tgz 0ms (cache hit)
1779 http cache chai-as-promised@https://registry.npmjs.org/chai-as-promised/-/chai-as-promised-8.0.2.tgz 0ms (cache hit)
1780 http cache deep-eql@https://registry.npmjs.org/deep-eql/-/deep-eql-5.0.2.tgz 0ms (cache hit)
1781 http cache @nomicfoundation/hardhat-zod-utils@https://registry.npmjs.org/@nomicfoundation/hardhat-zod-utils/-/hardhat-zod-utils-3.0.5.tgz 0ms (cache hit)
1782 http cache zod@https://registry.npmjs.org/zod/-/zod-3.25.76.tgz 0ms (cache hit)
1783 http cache @nomicfoundation/hardhat-utils@https://registry.npmjs.org/@nomicfoundation/hardhat-utils/-/hardhat-utils-4.1.7.tgz 0ms (cache hit)
1784 http cache ethereum-cryptography@https://registry.npmjs.org/ethereum-cryptography/-/ethereum-cryptography-2.2.1.tgz 0ms (cache hit)
1785 http cache typescript@https://registry.npmjs.org/typescript/-/typescript-5.9.3.tgz 0ms (cache hit)
1786 http cache @nomicfoundation/hardhat-errors@https://registry.npmjs.org/@nomicfoundation/hardhat-errors/-/hardhat-errors-3.0.18.tgz 0ms (cache hit)
1787 http cache @nomicfoundation/hardhat-network-helpers@https://registry.npmjs.org/@nomicfoundation/hardhat-network-helpers/-/hardhat-network-helpers-3.0.11.tgz 0ms (cache hit)
1788 http cache @nomicfoundation/hardhat-typechain@https://registry.npmjs.org/@nomicfoundation/hardhat-typechain/-/hardhat-typechain-3.1.1.tgz 0ms (cache hit)
1789 http cache mocha@https://registry.npmjs.org/mocha/-/mocha-11.8.0.tgz 0ms (cache hit)
1790 http cache dotenv@https://registry.npmjs.org/dotenv/-/dotenv-16.6.1.tgz 0ms (cache hit)
1791 http cache @nomicfoundation/hardhat-mocha@https://registry.npmjs.org/@nomicfoundation/hardhat-mocha/-/hardhat-mocha-3.1.0.tgz 0ms (cache hit)
1792 http cache @nomicfoundation/hardhat-keystore@https://registry.npmjs.org/@nomicfoundation/hardhat-keystore/-/hardhat-keystore-3.0.12.tgz 0ms (cache hit)
1793 http cache @nomicfoundation/ignition-core@https://registry.npmjs.org/@nomicfoundation/ignition-core/-/ignition-core-3.1.9.tgz 0ms (cache hit)
1794 http cache @nomicfoundation/hardhat-ignition-ethers@https://registry.npmjs.org/@nomicfoundation/hardhat-ignition-ethers/-/hardhat-ignition-ethers-3.1.6.tgz 0ms (cache hit)
1795 http cache @nomicfoundation/hardhat-verify@https://registry.npmjs.org/@nomicfoundation/hardhat-verify/-/hardhat-verify-3.0.22.tgz 0ms (cache hit)
1796 http cache @nomicfoundation/hardhat-ignition@https://registry.npmjs.org/@nomicfoundation/hardhat-ignition/-/hardhat-ignition-3.1.8.tgz 0ms (cache hit)
1797 http cache ethers@https://registry.npmjs.org/ethers/-/ethers-6.17.0.tgz 0ms (cache hit)
1798 http cache chai@https://registry.npmjs.org/chai/-/chai-6.2.2.tgz 0ms (cache hit)
1799 http cache @nomicfoundation/hardhat-ethers-chai-matchers@https://registry.npmjs.org/@nomicfoundation/hardhat-ethers-chai-matchers/-/hardhat-ethers-chai-matchers-3.0.11.tgz 0ms (cache hit)
1800 http cache hardhat@https://registry.npmjs.org/hardhat/-/hardhat-3.12.0.tgz 0ms (cache hit)
1801 http cache @nomicfoundation/hardhat-toolbox-mocha-ethers@https://registry.npmjs.org/@nomicfoundation/hardhat-toolbox-mocha-ethers/-/hardhat-toolbox-mocha-ethers-3.0.7.tgz 0ms (cache hit)
1802 http cache @nomicfoundation/hardhat-ethers@https://registry.npmjs.org/@nomicfoundation/hardhat-ethers/-/hardhat-ethers-4.0.15.tgz 0ms (cache hit)
1803 http cache wrap-ansi@https://registry.npmjs.org/wrap-ansi/-/wrap-ansi-7.0.0.tgz 0ms (cache hit)
1804 http cache emoji-regex@https://registry.npmjs.org/emoji-regex/-/emoji-regex-8.0.0.tgz 0ms (cache hit)
1805 http cache string-width@https://registry.npmjs.org/string-width/-/string-width-4.2.3.tgz 0ms (cache hit)
1806 http cache typical@https://registry.npmjs.org/typical/-/typical-5.2.0.tgz 0ms (cache hit)
1807 http cache typical@https://registry.npmjs.org/typical/-/typical-5.2.0.tgz 0ms (cache hit)
1808 http cache array-back@https://registry.npmjs.org/array-back/-/array-back-4.0.2.tgz 0ms (cache hit)
1809 http cache has-flag@https://registry.npmjs.org/has-flag/-/has-flag-3.0.0.tgz 0ms (cache hit)
1810 http cache color-convert@https://registry.npmjs.org/color-convert/-/color-convert-1.9.3.tgz 0ms (cache hit)
1811 http cache supports-color@https://registry.npmjs.org/supports-color/-/supports-color-5.5.0.tgz 0ms (cache hit)
1812 http cache escape-string-regexp@https://registry.npmjs.org/escape-string-regexp/-/escape-string-regexp-1.0.5.tgz 0ms (cache hit)
1813 http cache ansi-styles@https://registry.npmjs.org/ansi-styles/-/ansi-styles-3.2.1.tgz 0ms (cache hit)
1814 http cache typical@https://registry.npmjs.org/typical/-/typical-5.2.0.tgz 0ms (cache hit)
1815 http cache chalk@https://registry.npmjs.org/chalk/-/chalk-2.4.2.tgz 0ms (cache hit)
1816 http cache array-back@https://registry.npmjs.org/array-back/-/array-back-4.0.2.tgz 0ms (cache hit)
1817 http cache supports-color@https://registry.npmjs.org/supports-color/-/supports-color-7.2.0.tgz 0ms (cache hit)
1818 http cache emoji-regex@https://registry.npmjs.org/emoji-regex/-/emoji-regex-8.0.0.tgz 0ms (cache hit)
1819 http cache string-width@https://registry.npmjs.org/string-width/-/string-width-4.2.3.tgz 0ms (cache hit)
1820 http cache strip-ansi@https://registry.npmjs.org/strip-ansi/-/strip-ansi-7.2.0.tgz 0ms (cache hit)
1821 http cache ansi-regex@https://registry.npmjs.org/ansi-regex/-/ansi-regex-6.2.2.tgz 0ms (cache hit)
1822 http cache color-name@https://registry.npmjs.org/color-name/-/color-name-1.1.3.tgz 0ms (cache hit)
1823 http cache ansi-styles@https://registry.npmjs.org/ansi-styles/-/ansi-styles-6.2.3.tgz 0ms (cache hit)
1824 http cache ansi-regex@https://registry.npmjs.org/ansi-regex/-/ansi-regex-6.2.2.tgz 0ms (cache hit)
1825 http cache emoji-regex@https://registry.npmjs.org/emoji-regex/-/emoji-regex-8.0.0.tgz 0ms (cache hit)
1826 http cache strip-ansi@https://registry.npmjs.org/strip-ansi/-/strip-ansi-7.2.0.tgz 0ms (cache hit)
1827 http cache ansi-regex@https://registry.npmjs.org/ansi-regex/-/ansi-regex-6.2.2.tgz 0ms (cache hit)
1828 http cache strip-ansi@https://registry.npmjs.org/strip-ansi/-/strip-ansi-7.2.0.tgz 0ms (cache hit)
1829 http cache string-width@https://registry.npmjs.org/string-width/-/string-width-4.2.3.tgz 0ms (cache hit)
1830 http cache emoji-regex@https://registry.npmjs.org/emoji-regex/-/emoji-regex-8.0.0.tgz 0ms (cache hit)
1831 http cache @noble/hashes@https://registry.npmjs.org/@noble/hashes/-/hashes-1.7.2.tgz 0ms (cache hit)
1832 http cache @noble/curves@https://registry.npmjs.org/@noble/curves/-/curves-1.8.2.tgz 0ms (cache hit)
1833 http cache @scure/base@https://registry.npmjs.org/@scure/base/-/base-1.2.6.tgz 0ms (cache hit)
1834 http cache @noble/hashes@https://registry.npmjs.org/@noble/hashes/-/hashes-1.4.0.tgz 0ms (cache hit)
1835 http cache brace-expansion@https://registry.npmjs.org/brace-expansion/-/brace-expansion-1.1.18.tgz 0ms (cache hit)
1836 http cache @noble/hashes@https://registry.npmjs.org/@noble/hashes/-/hashes-1.4.0.tgz 0ms (cache hit)
1837 http cache bn.js@https://registry.npmjs.org/bn.js/-/bn.js-4.12.5.tgz 0ms (cache hit)
1838 http cache @noble/hashes@https://registry.npmjs.org/@noble/hashes/-/hashes-1.4.0.tgz 0ms (cache hit)
1839 http cache @noble/hashes@https://registry.npmjs.org/@noble/hashes/-/hashes-1.4.0.tgz 0ms (cache hit)
1840 http cache minimatch@https://registry.npmjs.org/minimatch/-/minimatch-3.1.5.tgz 0ms (cache hit)
1841 http cache readdirp@https://registry.npmjs.org/readdirp/-/readdirp-4.1.2.tgz 0ms (cache hit)
1842 http cache glob@https://registry.npmjs.org/glob/-/glob-7.1.7.tgz 0ms (cache hit)
1843 http cache chokidar@https://registry.npmjs.org/chokidar/-/chokidar-4.0.3.tgz 0ms (cache hit)
1844 http cache ws@https://registry.npmjs.org/ws/-/ws-8.21.2.tgz 0ms (cache hit)
1845 http cache @noble/hashes@https://registry.npmjs.org/@noble/hashes/-/hashes-1.3.2.tgz 0ms (cache hit)
1846 http cache @noble/curves@https://registry.npmjs.org/@noble/curves/-/curves-1.2.0.tgz 0ms (cache hit)
1847 silly tarball no local data for concat-map@https://registry.npmjs.org/concat-map/-/concat-map-0.0.1.tgz. Extracting by manifest.
1848 silly tarball no local data for path-is-absolute@https://registry.npmjs.org/path-is-absolute/-/path-is-absolute-1.0.1.tgz. Extracting by manifest.
1849 silly tarball no local data for fs.realpath@https://registry.npmjs.org/fs.realpath/-/fs.realpath-1.0.0.tgz. Extracting by manifest.
1850 silly tarball no local data for is-plain-obj@https://registry.npmjs.org/is-plain-obj/-/is-plain-obj-2.1.0.tgz. Extracting by manifest.
1851 silly tarball no local data for inflight@https://registry.npmjs.org/inflight/-/inflight-1.0.6.tgz. Extracting by manifest.
1852 silly tarball no local data for wrappy@https://registry.npmjs.org/wrappy/-/wrappy-1.0.2.tgz. Extracting by manifest.
1853 silly tarball no local data for decamelize@https://registry.npmjs.org/decamelize/-/decamelize-4.0.0.tgz. Extracting by manifest.
1854 silly tarball no local data for camelcase@https://registry.npmjs.org/camelcase/-/camelcase-6.3.0.tgz. Extracting by manifest.
1855 silly tarball no local data for y18n@https://registry.npmjs.org/y18n/-/y18n-5.0.8.tgz. Extracting by manifest.
1856 silly tarball no local data for flat@https://registry.npmjs.org/flat/-/flat-5.0.2.tgz. Extracting by manifest.
1857 silly tarball no local data for require-directory@https://registry.npmjs.org/require-directory/-/require-directory-2.1.1.tgz. Extracting by manifest.
1858 silly tarball no local data for get-caller-file@https://registry.npmjs.org/get-caller-file/-/get-caller-file-2.0.5.tgz. Extracting by manifest.
1859 silly tarball no local data for once@https://registry.npmjs.org/once/-/once-1.4.0.tgz. Extracting by manifest.
1860 silly tarball no local data for escalade@https://registry.npmjs.org/escalade/-/escalade-3.2.0.tgz. Extracting by manifest.
1861 silly tarball no local data for isexe@https://registry.npmjs.org/isexe/-/isexe-2.0.0.tgz. Extracting by manifest.
1862 silly tarball no local data for reduce-flatten@https://registry.npmjs.org/reduce-flatten/-/reduce-flatten-2.0.0.tgz. Extracting by manifest.
1863 silly tarball no local data for cliui@https://registry.npmjs.org/cliui/-/cliui-8.0.1.tgz. Extracting by manifest.
1864 silly tarball no local data for wordwrapjs@https://registry.npmjs.org/wordwrapjs/-/wordwrapjs-4.0.1.tgz. Extracting by manifest.
1865 silly tarball no local data for deep-extend@https://registry.npmjs.org/deep-extend/-/deep-extend-0.6.0.tgz. Extracting by manifest.
1866 silly tarball no local data for table-layout@https://registry.npmjs.org/table-layout/-/table-layout-1.0.2.tgz. Extracting by manifest.
1867 silly tarball no local data for lodash.camelcase@https://registry.npmjs.org/lodash.camelcase/-/lodash.camelcase-4.3.0.tgz. Extracting by manifest.
1868 silly tarball no local data for typical@https://registry.npmjs.org/typical/-/typical-4.0.0.tgz. Extracting by manifest.
1869 silly tarball no local data for find-replace@https://registry.npmjs.org/find-replace/-/find-replace-3.0.0.tgz. Extracting by manifest.
1870 silly tarball no local data for array-back@https://registry.npmjs.org/array-back/-/array-back-3.1.0.tgz. Extracting by manifest.
1871 silly tarball no local data for command-line-usage@https://registry.npmjs.org/command-line-usage/-/command-line-usage-6.1.3.tgz. Extracting by manifest.
1872 silly tarball no local data for string-format@https://registry.npmjs.org/string-format/-/string-format-2.0.0.tgz. Extracting by manifest.
1873 silly tarball no local data for universalify@https://registry.npmjs.org/universalify/-/universalify-0.1.2.tgz. Extracting by manifest.
1874 silly tarball no local data for command-line-args@https://registry.npmjs.org/command-line-args/-/command-line-args-5.2.1.tgz. Extracting by manifest.
1875 silly tarball no local data for graceful-fs@https://registry.npmjs.org/graceful-fs/-/graceful-fs-4.2.11.tgz. Extracting by manifest.
1876 silly tarball no local data for prettier@https://registry.npmjs.org/prettier/-/prettier-2.8.8.tgz. Extracting by manifest.
1877 silly tarball no local data for jsonfile@https://registry.npmjs.org/jsonfile/-/jsonfile-4.0.0.tgz. Extracting by manifest.
1878 silly tarball no local data for ts-command-line-args@https://registry.npmjs.org/ts-command-line-args/-/ts-command-line-args-2.5.1.tgz. Extracting by manifest.
1879 silly tarball no local data for mkdirp@https://registry.npmjs.org/mkdirp/-/mkdirp-1.0.4.tgz. Extracting by manifest.
1880 silly tarball no local data for fs-extra@https://registry.npmjs.org/fs-extra/-/fs-extra-7.0.1.tgz. Extracting by manifest.
1881 silly tarball no local data for @esbuild/darwin-arm64@https://registry.npmjs.org/@esbuild/darwin-arm64/-/darwin-arm64-0.28.1.tgz. Extracting by manifest.
1882 silly tarball no local data for fsevents@https://registry.npmjs.org/fsevents/-/fsevents-2.3.3.tgz. Extracting by manifest.
1883 silly tarball no local data for esbuild@https://registry.npmjs.org/esbuild/-/esbuild-0.28.1.tgz. Extracting by manifest.
1884 silly tarball no local data for @types/prettier@https://registry.npmjs.org/@types/prettier/-/prettier-2.7.3.tgz. Extracting by manifest.
1885 silly tarball no local data for has-flag@https://registry.npmjs.org/has-flag/-/has-flag-4.0.0.tgz. Extracting by manifest.
1886 silly tarball no local data for is-fullwidth-code-point@https://registry.npmjs.org/is-fullwidth-code-point/-/is-fullwidth-code-point-3.0.0.tgz. Extracting by manifest.
1887 silly tarball no local data for ansi-regex@https://registry.npmjs.org/ansi-regex/-/ansi-regex-5.0.1.tgz. Extracting by manifest.
1888 silly tarball no local data for emoji-regex@https://registry.npmjs.org/emoji-regex/-/emoji-regex-9.2.2.tgz. Extracting by manifest.
1889 silly tarball no local data for eastasianwidth@https://registry.npmjs.org/eastasianwidth/-/eastasianwidth-0.2.0.tgz. Extracting by manifest.
1890 silly tarball no local data for safe-buffer@https://registry.npmjs.org/safe-buffer/-/safe-buffer-5.2.1.tgz. Extracting by manifest.
1891 silly tarball no local data for randombytes@https://registry.npmjs.org/randombytes/-/randombytes-2.1.0.tgz. Extracting by manifest.
1892 silly tarball no local data for shebang-regex@https://registry.npmjs.org/shebang-regex/-/shebang-regex-3.0.0.tgz. Extracting by manifest.
1893 silly tarball no local data for util-deprecate@https://registry.npmjs.org/util-deprecate/-/util-deprecate-1.0.2.tgz. Extracting by manifest.
1894 silly tarball no local data for string_decoder@https://registry.npmjs.org/string_decoder/-/string_decoder-1.3.0.tgz. Extracting by manifest.
1895 silly tarball no local data for sisteransi@https://registry.npmjs.org/sisteransi/-/sisteransi-1.0.5.tgz. Extracting by manifest.
1896 silly tarball no local data for kleur@https://registry.npmjs.org/kleur/-/kleur-3.0.3.tgz. Extracting by manifest.
1897 silly tarball no local data for lru-cache@https://registry.npmjs.org/lru-cache/-/lru-cache-10.4.3.tgz. Extracting by manifest.
1898 silly tarball no local data for yocto-queue@https://registry.npmjs.org/yocto-queue/-/yocto-queue-0.1.0.tgz. Extracting by manifest.
1899 silly tarball no local data for split2@https://registry.npmjs.org/split2/-/split2-3.2.2.tgz. Extracting by manifest.
1900 silly tarball no local data for p-limit@https://registry.npmjs.org/p-limit/-/p-limit-3.1.0.tgz. Extracting by manifest.
1901 silly tarball no local data for through2@https://registry.npmjs.org/through2/-/through2-4.0.2.tgz. Extracting by manifest.
1902 silly tarball no local data for readable-stream@https://registry.npmjs.org/readable-stream/-/readable-stream-3.6.2.tgz. Extracting by manifest.
1903 silly tarball no local data for minimist@https://registry.npmjs.org/minimist/-/minimist-1.2.8.tgz. Extracting by manifest.
1904 silly tarball no local data for json-stringify-safe@https://registry.npmjs.org/json-stringify-safe/-/json-stringify-safe-5.0.1.tgz. Extracting by manifest.
1905 silly tarball no local data for brace-expansion@https://registry.npmjs.org/brace-expansion/-/brace-expansion-2.1.4.tgz. Extracting by manifest.
1906 silly tarball no local data for balanced-match@https://registry.npmjs.org/balanced-match/-/balanced-match-1.0.2.tgz. Extracting by manifest.
1907 silly tarball no local data for color-name@https://registry.npmjs.org/color-name/-/color-name-1.1.4.tgz. Extracting by manifest.
1908 silly tarball no local data for ansi-styles@https://registry.npmjs.org/ansi-styles/-/ansi-styles-4.3.0.tgz. Extracting by manifest.
1909 silly tarball no local data for color-convert@https://registry.npmjs.org/color-convert/-/color-convert-2.0.1.tgz. Extracting by manifest.
1910 silly tarball no local data for p-locate@https://registry.npmjs.org/p-locate/-/p-locate-5.0.0.tgz. Extracting by manifest.
1911 silly tarball no local data for wrap-ansi-cjs@https://registry.npmjs.org/wrap-ansi/-/wrap-ansi-7.0.0.tgz. Extracting by manifest.
1912 silly tarball no local data for is-unicode-supported@https://registry.npmjs.org/is-unicode-supported/-/is-unicode-supported-0.1.0.tgz. Extracting by manifest.
1913 silly tarball no local data for wrap-ansi@https://registry.npmjs.org/wrap-ansi/-/wrap-ansi-8.1.0.tgz. Extracting by manifest.
1914 silly tarball no local data for strip-ansi-cjs@https://registry.npmjs.org/strip-ansi/-/strip-ansi-6.0.1.tgz. Extracting by manifest.
1915 silly tarball no local data for argparse@https://registry.npmjs.org/argparse/-/argparse-2.0.1.tgz. Extracting by manifest.
1916 silly tarball no local data for string-width-cjs@https://registry.npmjs.org/string-width/-/string-width-4.2.3.tgz. Extracting by manifest.
1917 silly tarball no local data for string-width@https://registry.npmjs.org/string-width/-/string-width-5.1.2.tgz. Extracting by manifest.
1918 silly tarball no local data for which@https://registry.npmjs.org/which/-/which-2.0.2.tgz. Extracting by manifest.
1919 silly tarball no local data for @pkgjs/parseargs@https://registry.npmjs.org/@pkgjs/parseargs/-/parseargs-0.11.0.tgz. Extracting by manifest.
1920 silly tarball no local data for @isaacs/cliui@https://registry.npmjs.org/@isaacs/cliui/-/cliui-8.0.2.tgz. Extracting by manifest.
1921 silly tarball no local data for shebang-command@https://registry.npmjs.org/shebang-command/-/shebang-command-2.0.0.tgz. Extracting by manifest.
1922 silly tarball no local data for chalk@https://registry.npmjs.org/chalk/-/chalk-4.1.2.tgz. Extracting by manifest.
1923 silly tarball no local data for path-key@https://registry.npmjs.org/path-key/-/path-key-3.1.1.tgz. Extracting by manifest.
1924 silly tarball no local data for signal-exit@https://registry.npmjs.org/signal-exit/-/signal-exit-4.1.0.tgz. Extracting by manifest.
1925 silly tarball no local data for cross-spawn@https://registry.npmjs.org/cross-spawn/-/cross-spawn-7.0.6.tgz. Extracting by manifest.
1926 silly tarball no local data for package-json-from-dist@https://registry.npmjs.org/package-json-from-dist/-/package-json-from-dist-1.0.1.tgz. Extracting by manifest.
1927 silly tarball no local data for minipass@https://registry.npmjs.org/minipass/-/minipass-7.1.3.tgz. Extracting by manifest.
1928 silly tarball no local data for jackspeak@https://registry.npmjs.org/jackspeak/-/jackspeak-3.4.3.tgz. Extracting by manifest.
1929 silly tarball no local data for path-scurry@https://registry.npmjs.org/path-scurry/-/path-scurry-1.11.1.tgz. Extracting by manifest.
1930 silly tarball no local data for foreground-child@https://registry.npmjs.org/foreground-child/-/foreground-child-3.3.1.tgz. Extracting by manifest.
1931 silly tarball no local data for path-exists@https://registry.npmjs.org/path-exists/-/path-exists-4.0.0.tgz. Extracting by manifest.
1932 silly tarball no local data for locate-path@https://registry.npmjs.org/locate-path/-/locate-path-6.0.0.tgz. Extracting by manifest.
1933 silly tarball no local data for yargs-unparser@https://registry.npmjs.org/yargs-unparser/-/yargs-unparser-2.0.0.tgz. Extracting by manifest.
1934 silly tarball no local data for yargs-parser@https://registry.npmjs.org/yargs-parser/-/yargs-parser-21.1.1.tgz. Extracting by manifest.
1935 silly tarball no local data for yargs@https://registry.npmjs.org/yargs/-/yargs-17.7.3.tgz. Extracting by manifest.
1936 silly tarball no local data for workerpool@https://registry.npmjs.org/workerpool/-/workerpool-9.3.4.tgz. Extracting by manifest.
1937 silly tarball no local data for supports-color@https://registry.npmjs.org/supports-color/-/supports-color-8.1.1.tgz. Extracting by manifest.
1938 silly tarball no local data for strip-json-comments@https://registry.npmjs.org/strip-json-comments/-/strip-json-comments-3.1.1.tgz. Extracting by manifest.
1939 silly tarball no local data for serialize-javascript@https://registry.npmjs.org/serialize-javascript/-/serialize-javascript-6.0.2.tgz. Extracting by manifest.
1940 silly tarball no local data for picocolors@https://registry.npmjs.org/picocolors/-/picocolors-1.1.1.tgz. Extracting by manifest.
1941 silly tarball no local data for ms@https://registry.npmjs.org/ms/-/ms-2.1.3.tgz. Extracting by manifest.
1942 silly tarball no local data for minimatch@https://registry.npmjs.org/minimatch/-/minimatch-9.0.9.tgz. Extracting by manifest.
1943 silly tarball no local data for js-yaml@https://registry.npmjs.org/js-yaml/-/js-yaml-4.3.1.tgz. Extracting by manifest.
1944 silly tarball no local data for log-symbols@https://registry.npmjs.org/log-symbols/-/log-symbols-4.1.0.tgz. Extracting by manifest.
1945 silly tarball no local data for is-path-inside@https://registry.npmjs.org/is-path-inside/-/is-path-inside-3.0.3.tgz. Extracting by manifest.
1946 silly tarball no local data for he@https://registry.npmjs.org/he/-/he-1.2.0.tgz. Extracting by manifest.
1947 silly tarball no local data for glob@https://registry.npmjs.org/glob/-/glob-10.5.0.tgz. Extracting by manifest.
1948 silly tarball no local data for find-up@https://registry.npmjs.org/find-up/-/find-up-5.0.0.tgz. Extracting by manifest.
1949 silly tarball no local data for escape-string-regexp@https://registry.npmjs.org/escape-string-regexp/-/escape-string-regexp-4.0.0.tgz. Extracting by manifest.
1950 silly tarball no local data for diff@https://registry.npmjs.org/diff/-/diff-7.0.0.tgz. Extracting by manifest.
1951 silly tarball no local data for debug@https://registry.npmjs.org/debug/-/debug-4.4.3.tgz. Extracting by manifest.
1952 silly tarball no local data for strip-ansi@https://registry.npmjs.org/strip-ansi/-/strip-ansi-6.0.1.tgz. Extracting by manifest.
1953 silly tarball no local data for browser-stdout@https://registry.npmjs.org/browser-stdout/-/browser-stdout-1.3.1.tgz. Extracting by manifest.
1954 silly tarball no local data for micro-packed@https://registry.npmjs.org/micro-packed/-/micro-packed-0.7.3.tgz. Extracting by manifest.
1955 silly tarball no local data for readdirp@https://registry.npmjs.org/readdirp/-/readdirp-5.1.1.tgz. Extracting by manifest.
1956 silly tarball no local data for ansi-colors@https://registry.npmjs.org/ansi-colors/-/ansi-colors-4.1.3.tgz. Extracting by manifest.
1957 silly tarball no local data for @nomicfoundation/edr-win32-x64-msvc@https://registry.npmjs.org/@nomicfoundation/edr-win32-x64-msvc/-/edr-win32-x64-msvc-0.15.0.tgz. Extracting by manifest.
1958 silly tarball no local data for @nomicfoundation/edr-linux-arm64-musl@https://registry.npmjs.org/@nomicfoundation/edr-linux-arm64-musl/-/edr-linux-arm64-musl-0.15.0.tgz. Extracting by manifest.
1959 silly tarball no local data for @nomicfoundation/edr-linux-arm64-gnu@https://registry.npmjs.org/@nomicfoundation/edr-linux-arm64-gnu/-/edr-linux-arm64-gnu-0.15.0.tgz. Extracting by manifest.
1960 silly tarball no local data for @nomicfoundation/edr-darwin-arm64@https://registry.npmjs.org/@nomicfoundation/edr-darwin-arm64/-/edr-darwin-arm64-0.15.0.tgz. Extracting by manifest.
1961 silly tarball no local data for @nomicfoundation/edr-darwin-x64@https://registry.npmjs.org/@nomicfoundation/edr-darwin-x64/-/edr-darwin-x64-0.15.0.tgz. Extracting by manifest.
1962 silly tarball no local data for resolve.exports@https://registry.npmjs.org/resolve.exports/-/resolve.exports-2.0.3.tgz. Extracting by manifest.
1963 silly tarball no local data for @nomicfoundation/edr-linux-x64-musl@https://registry.npmjs.org/@nomicfoundation/edr-linux-x64-musl/-/edr-linux-x64-musl-0.15.0.tgz. Extracting by manifest.
1964 silly tarball no local data for micro-eth-signer@https://registry.npmjs.org/micro-eth-signer/-/micro-eth-signer-0.14.0.tgz. Extracting by manifest.
1965 silly tarball no local data for p-map@https://registry.npmjs.org/p-map/-/p-map-7.0.6.tgz. Extracting by manifest.
1966 silly tarball no local data for @nomicfoundation/edr-linux-x64-gnu@https://registry.npmjs.org/@nomicfoundation/edr-linux-x64-gnu/-/edr-linux-x64-gnu-0.15.0.tgz. Extracting by manifest.
1967 silly tarball no local data for adm-zip@https://registry.npmjs.org/adm-zip/-/adm-zip-0.6.0.tgz. Extracting by manifest.
1968 silly tarball no local data for @sentry/core@https://registry.npmjs.org/@sentry/core/-/core-9.47.1.tgz. Extracting by manifest.
1969 silly tarball no local data for enquirer@https://registry.npmjs.org/enquirer/-/enquirer-2.4.1.tgz. Extracting by manifest.
1970 silly tarball no local data for semver@https://registry.npmjs.org/semver/-/semver-7.8.5.tgz. Extracting by manifest.
1971 silly tarball no local data for chokidar@https://registry.npmjs.org/chokidar/-/chokidar-5.0.0.tgz. Extracting by manifest.
1972 silly tarball no local data for @nomicfoundation/edr@https://registry.npmjs.org/@nomicfoundation/edr/-/edr-0.15.0.tgz. Extracting by manifest.
1973 silly tarball no local data for undici-types@https://registry.npmjs.org/undici-types/-/undici-types-6.19.8.tgz. Extracting by manifest.
1974 silly tarball no local data for @nomicfoundation/hardhat-vendored@https://registry.npmjs.org/@nomicfoundation/hardhat-vendored/-/hardhat-vendored-3.0.4.tgz. Extracting by manifest.
1975 silly tarball no local data for ws@https://registry.npmjs.org/ws/-/ws-8.21.0.tgz. Extracting by manifest.
1976 silly tarball no local data for aes-js@https://registry.npmjs.org/aes-js/-/aes-js-4.0.0-beta.5.tgz. Extracting by manifest.
1977 silly tarball no local data for @adraffy/ens-normalize@https://registry.npmjs.org/@adraffy/ens-normalize/-/ens-normalize-1.11.1.tgz. Extracting by manifest.
1978 silly tarball no local data for @types/node@https://registry.npmjs.org/@types/node/-/node-22.7.5.tgz. Extracting by manifest.
1979 silly tarball no local data for tslib@https://registry.npmjs.org/tslib/-/tslib-2.7.0.tgz. Extracting by manifest.
1980 silly tarball no local data for @scure/base@https://registry.npmjs.org/@scure/base/-/base-1.1.9.tgz. Extracting by manifest.
1981 silly tarball no local data for @scure/bip39@https://registry.npmjs.org/@scure/bip39/-/bip39-1.3.0.tgz. Extracting by manifest.
1982 silly tarball no local data for is-safe-filename@https://registry.npmjs.org/is-safe-filename/-/is-safe-filename-0.1.1.tgz. Extracting by manifest.
1983 silly tarball no local data for @noble/curves@https://registry.npmjs.org/@noble/curves/-/curves-1.4.2.tgz. Extracting by manifest.
1984 silly tarball no local data for @scure/bip32@https://registry.npmjs.org/@scure/bip32/-/bip32-1.4.0.tgz. Extracting by manifest.
1985 silly tarball no local data for minimalistic-crypto-utils@https://registry.npmjs.org/minimalistic-crypto-utils/-/minimalistic-crypto-utils-1.0.1.tgz. Extracting by manifest.
1986 silly tarball no local data for minimalistic-assert@https://registry.npmjs.org/minimalistic-assert/-/minimalistic-assert-1.0.1.tgz. Extracting by manifest.
1987 silly tarball no local data for inherits@https://registry.npmjs.org/inherits/-/inherits-2.0.4.tgz. Extracting by manifest.
1988 silly tarball no local data for hmac-drbg@https://registry.npmjs.org/hmac-drbg/-/hmac-drbg-1.0.1.tgz. Extracting by manifest.
1989 silly tarball no local data for brorand@https://registry.npmjs.org/brorand/-/brorand-1.1.0.tgz. Extracting by manifest.
1990 silly tarball no local data for check-error@https://registry.npmjs.org/check-error/-/check-error-2.1.3.tgz. Extracting by manifest.
1991 silly tarball no local data for @cto.af/wtf8@https://registry.npmjs.org/@cto.af/wtf8/-/wtf8-0.0.5.tgz. Extracting by manifest.
1992 silly tarball no local data for assertion-error@https://registry.npmjs.org/assertion-error/-/assertion-error-2.0.1.tgz. Extracting by manifest.
1993 silly tarball no local data for @types/deep-eql@https://registry.npmjs.org/@types/deep-eql/-/deep-eql-4.0.2.tgz. Extracting by manifest.
1994 silly tarball no local data for @types/chai@https://registry.npmjs.org/@types/chai/-/chai-5.2.3.tgz. Extracting by manifest.
1995 silly tarball no local data for ts-essentials@https://registry.npmjs.org/ts-essentials/-/ts-essentials-7.0.3.tgz. Extracting by manifest.
1996 silly tarball no local data for @nomicfoundation/solidity-analyzer-win32-x64-msvc@https://registry.npmjs.org/@nomicfoundation/solidity-analyzer-win32-x64-msvc/-/solidity-analyzer-win32-x64-msvc-0.1.2.tgz. Extracting by manifest.
1997 silly tarball no local data for lodash@https://registry.npmjs.org/lodash/-/lodash-4.18.1.tgz. Extracting by manifest.
1998 silly tarball no local data for @nomicfoundation/solidity-analyzer-linux-x64-musl@https://registry.npmjs.org/@nomicfoundation/solidity-analyzer-linux-x64-musl/-/solidity-analyzer-linux-x64-musl-0.1.2.tgz. Extracting by manifest.
1999 silly tarball no local data for @streamparser/json@https://registry.npmjs.org/@streamparser/json/-/json-0.0.22.tgz. Extracting by manifest.
2000 silly tarball no local data for @nomicfoundation/solidity-analyzer-linux-x64-gnu@https://registry.npmjs.org/@nomicfoundation/solidity-analyzer-linux-x64-gnu/-/solidity-analyzer-linux-x64-gnu-0.1.2.tgz. Extracting by manifest.
2001 silly tarball no local data for @nomicfoundation/solidity-analyzer-linux-arm64-musl@https://registry.npmjs.org/@nomicfoundation/solidity-analyzer-linux-arm64-musl/-/solidity-analyzer-linux-arm64-musl-0.1.2.tgz. Extracting by manifest.
2002 silly tarball no local data for @nomicfoundation/solidity-analyzer-linux-arm64-gnu@https://registry.npmjs.org/@nomicfoundation/solidity-analyzer-linux-arm64-gnu/-/solidity-analyzer-linux-arm64-gnu-0.1.2.tgz. Extracting by manifest.
2003 silly tarball no local data for @nomicfoundation/solidity-analyzer-darwin-x64@https://registry.npmjs.org/@nomicfoundation/solidity-analyzer-darwin-x64/-/solidity-analyzer-darwin-x64-0.1.2.tgz. Extracting by manifest.
2004 silly tarball no local data for ndjson@https://registry.npmjs.org/ndjson/-/ndjson-2.0.0.tgz. Extracting by manifest.
2005 silly tarball no local data for @nomicfoundation/solidity-analyzer-darwin-arm64@https://registry.npmjs.org/@nomicfoundation/solidity-analyzer-darwin-arm64/-/solidity-analyzer-darwin-arm64-0.1.2.tgz. Extracting by manifest.
2006 silly tarball no local data for lodash-es@https://registry.npmjs.org/lodash-es/-/lodash-es-4.18.1.tgz. Extracting by manifest.
2007 silly tarball no local data for immer@https://registry.npmjs.org/immer/-/immer-11.1.15.tgz. Extracting by manifest.
2008 silly tarball no local data for elliptic@https://registry.npmjs.org/elliptic/-/elliptic-6.6.1.tgz. Extracting by manifest.
2009 silly tarball no local data for @ethersproject/signing-key@https://registry.npmjs.org/@ethersproject/signing-key/-/signing-key-5.8.0.tgz. Extracting by manifest.
2010 silly tarball no local data for @nomicfoundation/solidity-analyzer@https://registry.npmjs.org/@nomicfoundation/solidity-analyzer/-/solidity-analyzer-0.1.2.tgz. Extracting by manifest.
2011 silly tarball no local data for hash.js@https://registry.npmjs.org/hash.js/-/hash.js-1.1.7.tgz. Extracting by manifest.
2012 silly tarball no local data for js-sha3@https://registry.npmjs.org/js-sha3/-/js-sha3-0.8.0.tgz. Extracting by manifest.
2013 silly tarball no local data for @ethersproject/web@https://registry.npmjs.org/@ethersproject/web/-/web-5.8.0.tgz. Extracting by manifest.
2014 silly tarball no local data for @ethersproject/abstract-provider@https://registry.npmjs.org/@ethersproject/abstract-provider/-/abstract-provider-5.8.0.tgz. Extracting by manifest.
2015 silly tarball no local data for @ethersproject/base64@https://registry.npmjs.org/@ethersproject/base64/-/base64-5.8.0.tgz. Extracting by manifest.
2016 silly tarball no local data for @ethersproject/networks@https://registry.npmjs.org/@ethersproject/networks/-/networks-5.8.0.tgz. Extracting by manifest.
2017 silly tarball no local data for @ethersproject/transactions@https://registry.npmjs.org/@ethersproject/transactions/-/transactions-5.8.0.tgz. Extracting by manifest.
2018 silly tarball no local data for bn.js@https://registry.npmjs.org/bn.js/-/bn.js-5.2.5.tgz. Extracting by manifest.
2019 silly tarball no local data for @ethersproject/abstract-signer@https://registry.npmjs.org/@ethersproject/abstract-signer/-/abstract-signer-5.8.0.tgz. Extracting by manifest.
2020 silly tarball no local data for @ethersproject/rlp@https://registry.npmjs.org/@ethersproject/rlp/-/rlp-5.8.0.tgz. Extracting by manifest.
2021 silly tarball no local data for @ethersproject/keccak256@https://registry.npmjs.org/@ethersproject/keccak256/-/keccak256-5.8.0.tgz. Extracting by manifest.
2022 silly tarball no local data for @ethersproject/properties@https://registry.npmjs.org/@ethersproject/properties/-/properties-5.8.0.tgz. Extracting by manifest.
2023 silly tarball no local data for @ethersproject/strings@https://registry.npmjs.org/@ethersproject/strings/-/strings-5.8.0.tgz. Extracting by manifest.
2024 silly tarball no local data for @ethersproject/logger@https://registry.npmjs.org/@ethersproject/logger/-/logger-5.8.0.tgz. Extracting by manifest.
2025 silly tarball no local data for @ethersproject/constants@https://registry.npmjs.org/@ethersproject/constants/-/constants-5.8.0.tgz. Extracting by manifest.
2026 silly tarball no local data for @ethersproject/hash@https://registry.npmjs.org/@ethersproject/hash/-/hash-5.8.0.tgz. Extracting by manifest.
2027 silly tarball no local data for @ethersproject/bignumber@https://registry.npmjs.org/@ethersproject/bignumber/-/bignumber-5.8.0.tgz. Extracting by manifest.
2028 silly tarball no local data for @ethersproject/address@https://registry.npmjs.org/@ethersproject/address/-/address-5.8.0.tgz. Extracting by manifest.
2029 silly tarball no local data for @ethersproject/abi@https://registry.npmjs.org/@ethersproject/abi/-/abi-5.8.0.tgz. Extracting by manifest.
2030 silly tarball no local data for @ethersproject/bytes@https://registry.npmjs.org/@ethersproject/bytes/-/bytes-5.8.0.tgz. Extracting by manifest.
2031 silly tarball no local data for undici@https://registry.npmjs.org/undici/-/undici-6.28.0.tgz. Extracting by manifest.
2032 silly tarball no local data for cbor2@https://registry.npmjs.org/cbor2/-/cbor2-2.3.0.tgz. Extracting by manifest.
2033 silly tarball no local data for fast-equals@https://registry.npmjs.org/fast-equals/-/fast-equals-5.4.1.tgz. Extracting by manifest.
2034 silly tarball no local data for rfdc@https://registry.npmjs.org/rfdc/-/rfdc-1.4.1.tgz. Extracting by manifest.
2035 silly tarball no local data for json-stream-stringify@https://registry.npmjs.org/json-stream-stringify/-/json-stream-stringify-3.1.7.tgz. Extracting by manifest.
2036 silly tarball no local data for @streamparser/json-node@https://registry.npmjs.org/@streamparser/json-node/-/json-node-0.0.22.tgz. Extracting by manifest.
2037 silly tarball no local data for env-paths@https://registry.npmjs.org/env-paths/-/env-paths-4.0.0.tgz. Extracting by manifest.
2038 silly tarball no local data for @typechain/ethers-v6@https://registry.npmjs.org/@typechain/ethers-v6/-/ethers-v6-0.5.1.tgz. Extracting by manifest.
2039 silly tarball no local data for @noble/ciphers@https://registry.npmjs.org/@noble/ciphers/-/ciphers-1.2.1.tgz. Extracting by manifest.
2040 silly tarball no local data for @noble/hashes@https://registry.npmjs.org/@noble/hashes/-/hashes-1.7.1.tgz. Extracting by manifest.
2041 silly tarball no local data for typechain@https://registry.npmjs.org/typechain/-/typechain-8.3.2.tgz. Extracting by manifest.
2042 silly tarball no local data for tsx@https://registry.npmjs.org/tsx/-/tsx-4.23.9.tgz. Extracting by manifest.
2043 silly tarball no local data for json5@https://registry.npmjs.org/json5/-/json5-2.2.3.tgz. Extracting by manifest.
2044 silly tarball no local data for prompts@https://registry.npmjs.org/prompts/-/prompts-2.4.2.tgz. Extracting by manifest.
2045 silly tarball no local data for @nomicfoundation/ignition-ui@https://registry.npmjs.org/@nomicfoundation/ignition-ui/-/ignition-ui-3.1.2.tgz. Extracting by manifest.
2046 silly tarball no local data for @types/chai-as-promised@https://registry.npmjs.org/@types/chai-as-promised/-/chai-as-promised-8.0.2.tgz. Extracting by manifest.
2047 silly tarball no local data for chai-as-promised@https://registry.npmjs.org/chai-as-promised/-/chai-as-promised-8.0.2.tgz. Extracting by manifest.
2048 silly tarball no local data for deep-eql@https://registry.npmjs.org/deep-eql/-/deep-eql-5.0.2.tgz. Extracting by manifest.
2049 silly tarball no local data for @nomicfoundation/hardhat-zod-utils@https://registry.npmjs.org/@nomicfoundation/hardhat-zod-utils/-/hardhat-zod-utils-3.0.5.tgz. Extracting by manifest.
2050 silly tarball no local data for zod@https://registry.npmjs.org/zod/-/zod-3.25.76.tgz. Extracting by manifest.
2051 silly tarball no local data for @nomicfoundation/hardhat-utils@https://registry.npmjs.org/@nomicfoundation/hardhat-utils/-/hardhat-utils-4.1.7.tgz. Extracting by manifest.
2052 silly tarball no local data for ethereum-cryptography@https://registry.npmjs.org/ethereum-cryptography/-/ethereum-cryptography-2.2.1.tgz. Extracting by manifest.
2053 silly tarball no local data for typescript@https://registry.npmjs.org/typescript/-/typescript-5.9.3.tgz. Extracting by manifest.
2054 silly tarball no local data for @nomicfoundation/hardhat-errors@https://registry.npmjs.org/@nomicfoundation/hardhat-errors/-/hardhat-errors-3.0.18.tgz. Extracting by manifest.
2055 silly tarball no local data for @nomicfoundation/hardhat-network-helpers@https://registry.npmjs.org/@nomicfoundation/hardhat-network-helpers/-/hardhat-network-helpers-3.0.11.tgz. Extracting by manifest.
2056 silly tarball no local data for @nomicfoundation/hardhat-typechain@https://registry.npmjs.org/@nomicfoundation/hardhat-typechain/-/hardhat-typechain-3.1.1.tgz. Extracting by manifest.
2057 silly tarball no local data for mocha@https://registry.npmjs.org/mocha/-/mocha-11.8.0.tgz. Extracting by manifest.
2058 silly tarball no local data for dotenv@https://registry.npmjs.org/dotenv/-/dotenv-16.6.1.tgz. Extracting by manifest.
2059 silly tarball no local data for @nomicfoundation/hardhat-mocha@https://registry.npmjs.org/@nomicfoundation/hardhat-mocha/-/hardhat-mocha-3.1.0.tgz. Extracting by manifest.
2060 silly tarball no local data for @nomicfoundation/hardhat-keystore@https://registry.npmjs.org/@nomicfoundation/hardhat-keystore/-/hardhat-keystore-3.0.12.tgz. Extracting by manifest.
2061 silly tarball no local data for @nomicfoundation/ignition-core@https://registry.npmjs.org/@nomicfoundation/ignition-core/-/ignition-core-3.1.9.tgz. Extracting by manifest.
2062 silly tarball no local data for @nomicfoundation/hardhat-ignition-ethers@https://registry.npmjs.org/@nomicfoundation/hardhat-ignition-ethers/-/hardhat-ignition-ethers-3.1.6.tgz. Extracting by manifest.
2063 silly tarball no local data for @nomicfoundation/hardhat-verify@https://registry.npmjs.org/@nomicfoundation/hardhat-verify/-/hardhat-verify-3.0.22.tgz. Extracting by manifest.
2064 silly tarball no local data for @nomicfoundation/hardhat-ignition@https://registry.npmjs.org/@nomicfoundation/hardhat-ignition/-/hardhat-ignition-3.1.8.tgz. Extracting by manifest.
2065 silly tarball no local data for ethers@https://registry.npmjs.org/ethers/-/ethers-6.17.0.tgz. Extracting by manifest.
2066 silly tarball no local data for chai@https://registry.npmjs.org/chai/-/chai-6.2.2.tgz. Extracting by manifest.
2067 silly tarball no local data for @nomicfoundation/hardhat-ethers-chai-matchers@https://registry.npmjs.org/@nomicfoundation/hardhat-ethers-chai-matchers/-/hardhat-ethers-chai-matchers-3.0.11.tgz. Extracting by manifest.
2068 silly tarball no local data for hardhat@https://registry.npmjs.org/hardhat/-/hardhat-3.12.0.tgz. Extracting by manifest.
2069 silly tarball no local data for @nomicfoundation/hardhat-toolbox-mocha-ethers@https://registry.npmjs.org/@nomicfoundation/hardhat-toolbox-mocha-ethers/-/hardhat-toolbox-mocha-ethers-3.0.7.tgz. Extracting by manifest.
2070 silly tarball no local data for @nomicfoundation/hardhat-ethers@https://registry.npmjs.org/@nomicfoundation/hardhat-ethers/-/hardhat-ethers-4.0.15.tgz. Extracting by manifest.
2071 silly tarball no local data for wrap-ansi@https://registry.npmjs.org/wrap-ansi/-/wrap-ansi-7.0.0.tgz. Extracting by manifest.
2072 silly tarball no local data for emoji-regex@https://registry.npmjs.org/emoji-regex/-/emoji-regex-8.0.0.tgz. Extracting by manifest.
2073 silly tarball no local data for string-width@https://registry.npmjs.org/string-width/-/string-width-4.2.3.tgz. Extracting by manifest.
2074 silly tarball no local data for typical@https://registry.npmjs.org/typical/-/typical-5.2.0.tgz. Extracting by manifest.
2075 silly tarball no local data for typical@https://registry.npmjs.org/typical/-/typical-5.2.0.tgz. Extracting by manifest.
2076 silly tarball no local data for array-back@https://registry.npmjs.org/array-back/-/array-back-4.0.2.tgz. Extracting by manifest.
2077 silly tarball no local data for has-flag@https://registry.npmjs.org/has-flag/-/has-flag-3.0.0.tgz. Extracting by manifest.
2078 silly tarball no local data for color-convert@https://registry.npmjs.org/color-convert/-/color-convert-1.9.3.tgz. Extracting by manifest.
2079 silly tarball no local data for supports-color@https://registry.npmjs.org/supports-color/-/supports-color-5.5.0.tgz. Extracting by manifest.
2080 silly tarball no local data for escape-string-regexp@https://registry.npmjs.org/escape-string-regexp/-/escape-string-regexp-1.0.5.tgz. Extracting by manifest.
2081 silly tarball no local data for ansi-styles@https://registry.npmjs.org/ansi-styles/-/ansi-styles-3.2.1.tgz. Extracting by manifest.
2082 silly tarball no local data for typical@https://registry.npmjs.org/typical/-/typical-5.2.0.tgz. Extracting by manifest.
2083 silly tarball no local data for chalk@https://registry.npmjs.org/chalk/-/chalk-2.4.2.tgz. Extracting by manifest.
2084 silly tarball no local data for array-back@https://registry.npmjs.org/array-back/-/array-back-4.0.2.tgz. Extracting by manifest.
2085 silly tarball no local data for supports-color@https://registry.npmjs.org/supports-color/-/supports-color-7.2.0.tgz. Extracting by manifest.
2086 silly tarball no local data for emoji-regex@https://registry.npmjs.org/emoji-regex/-/emoji-regex-8.0.0.tgz. Extracting by manifest.
2087 silly tarball no local data for string-width@https://registry.npmjs.org/string-width/-/string-width-4.2.3.tgz. Extracting by manifest.
2088 silly tarball no local data for strip-ansi@https://registry.npmjs.org/strip-ansi/-/strip-ansi-7.2.0.tgz. Extracting by manifest.
2089 silly tarball no local data for ansi-regex@https://registry.npmjs.org/ansi-regex/-/ansi-regex-6.2.2.tgz. Extracting by manifest.
2090 silly tarball no local data for color-name@https://registry.npmjs.org/color-name/-/color-name-1.1.3.tgz. Extracting by manifest.
2091 silly tarball no local data for ansi-styles@https://registry.npmjs.org/ansi-styles/-/ansi-styles-6.2.3.tgz. Extracting by manifest.
2092 silly tarball no local data for ansi-regex@https://registry.npmjs.org/ansi-regex/-/ansi-regex-6.2.2.tgz. Extracting by manifest.
2093 silly tarball no local data for emoji-regex@https://registry.npmjs.org/emoji-regex/-/emoji-regex-8.0.0.tgz. Extracting by manifest.
2094 silly tarball no local data for strip-ansi@https://registry.npmjs.org/strip-ansi/-/strip-ansi-7.2.0.tgz. Extracting by manifest.
2095 silly tarball no local data for ansi-regex@https://registry.npmjs.org/ansi-regex/-/ansi-regex-6.2.2.tgz. Extracting by manifest.
2096 silly tarball no local data for strip-ansi@https://registry.npmjs.org/strip-ansi/-/strip-ansi-7.2.0.tgz. Extracting by manifest.
2097 silly tarball no local data for string-width@https://registry.npmjs.org/string-width/-/string-width-4.2.3.tgz. Extracting by manifest.
2098 silly tarball no local data for emoji-regex@https://registry.npmjs.org/emoji-regex/-/emoji-regex-8.0.0.tgz. Extracting by manifest.
2099 silly tarball no local data for @noble/hashes@https://registry.npmjs.org/@noble/hashes/-/hashes-1.7.2.tgz. Extracting by manifest.
2100 silly tarball no local data for @noble/curves@https://registry.npmjs.org/@noble/curves/-/curves-1.8.2.tgz. Extracting by manifest.
2101 silly tarball no local data for @scure/base@https://registry.npmjs.org/@scure/base/-/base-1.2.6.tgz. Extracting by manifest.
2102 silly tarball no local data for @noble/hashes@https://registry.npmjs.org/@noble/hashes/-/hashes-1.4.0.tgz. Extracting by manifest.
2103 silly tarball no local data for brace-expansion@https://registry.npmjs.org/brace-expansion/-/brace-expansion-1.1.18.tgz. Extracting by manifest.
2104 silly tarball no local data for @noble/hashes@https://registry.npmjs.org/@noble/hashes/-/hashes-1.4.0.tgz. Extracting by manifest.
2105 silly tarball no local data for bn.js@https://registry.npmjs.org/bn.js/-/bn.js-4.12.5.tgz. Extracting by manifest.
2106 silly tarball no local data for @noble/hashes@https://registry.npmjs.org/@noble/hashes/-/hashes-1.4.0.tgz. Extracting by manifest.
2107 silly tarball no local data for @noble/hashes@https://registry.npmjs.org/@noble/hashes/-/hashes-1.4.0.tgz. Extracting by manifest.
2108 silly tarball no local data for minimatch@https://registry.npmjs.org/minimatch/-/minimatch-3.1.5.tgz. Extracting by manifest.
2109 silly tarball no local data for readdirp@https://registry.npmjs.org/readdirp/-/readdirp-4.1.2.tgz. Extracting by manifest.
2110 silly tarball no local data for glob@https://registry.npmjs.org/glob/-/glob-7.1.7.tgz. Extracting by manifest.
2111 silly tarball no local data for chokidar@https://registry.npmjs.org/chokidar/-/chokidar-4.0.3.tgz. Extracting by manifest.
2112 silly tarball no local data for ws@https://registry.npmjs.org/ws/-/ws-8.21.2.tgz. Extracting by manifest.
2113 silly tarball no local data for @noble/hashes@https://registry.npmjs.org/@noble/hashes/-/hashes-1.3.2.tgz. Extracting by manifest.
2114 silly tarball no local data for @noble/curves@https://registry.npmjs.org/@noble/curves/-/curves-1.2.0.tgz. Extracting by manifest.
2115 http fetch GET 200 https://registry.npmjs.org/path-is-absolute/-/path-is-absolute-1.0.1.tgz 107ms (cache miss)
2116 http fetch GET 200 https://registry.npmjs.org/concat-map/-/concat-map-0.0.1.tgz 120ms (cache miss)
2117 http fetch GET 200 https://registry.npmjs.org/fs.realpath/-/fs.realpath-1.0.0.tgz 140ms (cache miss)
2118 http fetch GET 200 https://registry.npmjs.org/wrappy/-/wrappy-1.0.2.tgz 139ms (cache miss)
2119 http fetch GET 200 https://registry.npmjs.org/inflight/-/inflight-1.0.6.tgz 141ms (cache miss)
2120 warn deprecated inflight@1.0.6: This module is not supported, and leaks memory. Do not use it. Check out lru-cache if you want a good and tested way to coalesce async requests by a key value, which is much more comprehensive and powerful.
2121 http fetch GET 200 https://registry.npmjs.org/y18n/-/y18n-5.0.8.tgz 144ms (cache miss)
2122 http fetch GET 200 https://registry.npmjs.org/decamelize/-/decamelize-4.0.0.tgz 144ms (cache miss)
2123 http fetch GET 200 https://registry.npmjs.org/camelcase/-/camelcase-6.3.0.tgz 144ms (cache miss)
2124 http fetch GET 200 https://registry.npmjs.org/isexe/-/isexe-2.0.0.tgz 206ms (cache miss)
2125 http fetch GET 200 https://registry.npmjs.org/wordwrapjs/-/wordwrapjs-4.0.1.tgz 206ms (cache miss)
2126 http fetch GET 200 https://registry.npmjs.org/reduce-flatten/-/reduce-flatten-2.0.0.tgz 207ms (cache miss)
2127 http fetch GET 200 https://registry.npmjs.org/cliui/-/cliui-8.0.1.tgz 211ms (cache miss)
2128 http fetch GET 200 https://registry.npmjs.org/deep-extend/-/deep-extend-0.6.0.tgz 232ms (cache miss)
2129 http fetch GET 200 https://registry.npmjs.org/typical/-/typical-4.0.0.tgz 232ms (cache miss)
2130 http fetch GET 200 https://registry.npmjs.org/lodash.camelcase/-/lodash.camelcase-4.3.0.tgz 232ms (cache miss)
2131 http fetch GET 200 https://registry.npmjs.org/command-line-usage/-/command-line-usage-6.1.3.tgz 278ms (cache miss)
2132 http fetch GET 200 https://registry.npmjs.org/array-back/-/array-back-3.1.0.tgz 278ms (cache miss)
2133 http fetch GET 200 https://registry.npmjs.org/string-format/-/string-format-2.0.0.tgz 278ms (cache miss)
2134 http fetch GET 200 https://registry.npmjs.org/universalify/-/universalify-0.1.2.tgz 318ms (cache miss)
2135 http fetch GET 200 https://registry.npmjs.org/flat/-/flat-5.0.2.tgz 325ms (cache miss)
2136 http fetch GET 200 https://registry.npmjs.org/get-caller-file/-/get-caller-file-2.0.5.tgz 331ms (cache miss)
2137 http fetch GET 200 https://registry.npmjs.org/graceful-fs/-/graceful-fs-4.2.11.tgz 335ms (cache miss)
2138 http fetch GET 200 https://registry.npmjs.org/require-directory/-/require-directory-2.1.1.tgz 337ms (cache miss)
2139 http fetch GET 200 https://registry.npmjs.org/command-line-args/-/command-line-args-5.2.1.tgz 343ms (cache miss)
2140 http fetch POST 200 https://registry.npmjs.org/-/npm/v1/security/advisories/bulk 388ms
2141 silly audit report {
2141 silly audit report   elliptic: [
2141 silly audit report     {
2141 silly audit report       id: 1112030,
2141 silly audit report       url: 'https://github.com/advisories/GHSA-848j-6mx2-7j84',
2141 silly audit report       title: 'Elliptic Uses a Cryptographic Primitive with a Risky Implementation',
2141 silly audit report       severity: 'low',
2141 silly audit report       vulnerable_versions: '<=6.6.1',
2141 silly audit report       cwe: [Array],
2141 silly audit report       cvss: [Object]
2141 silly audit report     }
2141 silly audit report   ],
2141 silly audit report   diff: [
2141 silly audit report     {
2141 silly audit report       id: 1112706,
2141 silly audit report       url: 'https://github.com/advisories/GHSA-73rr-hh4g-fpgx',
2141 silly audit report       title: 'jsdiff has a Denial of Service vulnerability in parsePatch and applyPatch',
2141 silly audit report       severity: 'low',
2141 silly audit report       vulnerable_versions: '>=6.0.0 <8.0.3',
2141 silly audit report       cwe: [Array],
2141 silly audit report       cvss: [Object]
2141 silly audit report     }
2141 silly audit report   ],
2141 silly audit report   'serialize-javascript': [
2141 silly audit report     {
2141 silly audit report       id: 1119440,
2141 silly audit report       url: 'https://github.com/advisories/GHSA-qj8w-gfj5-8c6v',
2141 silly audit report       title: 'Serialize JavaScript has CPU Exhaustion Denial of Service via crafted array-like objects',
2141 silly audit report       severity: 'moderate',
2141 silly audit report       vulnerable_versions: '>=5.0.0 <7.0.5',
2141 silly audit report       cwe: [Array],
2141 silly audit report       cvss: [Object]
2141 silly audit report     },
2141 silly audit report     {
2141 silly audit report       id: 1113686,
2141 silly audit report       url: 'https://github.com/advisories/GHSA-5c6j-r48x-rmvq',
2141 silly audit report       title: 'Serialize JavaScript is Vulnerable to RCE via RegExp.flags and Date.prototype.toISOString()',
2141 silly audit report       severity: 'high',
2141 silly audit report       vulnerable_versions: '<=7.0.2',
2141 silly audit report       cwe: [Array],
2141 silly audit report       cvss: [Object]
2141 silly audit report     }
2141 silly audit report   ]
2141 silly audit report }
2142 silly packumentCache corgi:https://registry.npmjs.org/elliptic cache-miss
2143 silly packumentCache corgi:https://registry.npmjs.org/diff cache-miss
2144 silly packumentCache corgi:https://registry.npmjs.org/serialize-javascript cache-miss
2145 http fetch GET 200 https://registry.npmjs.org/escalade/-/escalade-3.2.0.tgz 363ms (cache miss)
2146 http fetch GET 200 https://registry.npmjs.org/once/-/once-1.4.0.tgz 369ms (cache miss)
2147 http fetch GET 200 https://registry.npmjs.org/jsonfile/-/jsonfile-4.0.0.tgz 367ms (cache miss)
2148 warn tar TAR_ENTRY_ERROR EPERM: operation not permitted, open '/Users/vimukthideshan/Final Project/canela-ceylon-scm/blockchain/node_modules/ts-command-line-args/.vscode/extensions.json'
2149 silly tar TAR_ENTRY_ERROR EPERM: operation not permitted, open '/Users/vimukthideshan/Final Project/canela-ceylon-scm/blockchain/node_modules/ts-command-line-args/.vscode/extensions.json' [Error: EPERM: operation not permitted, open '/Users/vimukthideshan/Final Project/canela-ceylon-scm/blockchain/node_modules/ts-command-line-args/.vscode/extensions.json'] {
2149 silly tar   errno: -1,
2149 silly tar   code: 'EPERM',
2149 silly tar   syscall: 'open',
2149 silly tar   path: '/Users/vimukthideshan/Final Project/canela-ceylon-scm/blockchain/node_modules/ts-command-line-args/.vscode/extensions.json',
2149 silly tar   entry: ReadEntry {
2149 silly tar     _events: [Object: null prototype] {},
2149 silly tar     _eventsCount: 0,
2149 silly tar     _maxListeners: undefined,
2149 silly tar     writable: false,
2149 silly tar     readable: false,
2149 silly tar     extended: null,
2149 silly tar     globalExtended: null,
2149 silly tar     header: Header {
2149 silly tar       cksumValid: true,
2149 silly tar       needPax: false,
2149 silly tar       nullBlock: false,
2149 silly tar       block: null,
2149 silly tar       path: 'package/.vscode/extensions.json',
2149 silly tar       mode: 420,
2149 silly tar       uid: null,
2149 silly tar       gid: null,
2149 silly tar       size: 67,
2149 silly tar       mtime: 1985-10-26T08:15:00.000Z,
2149 silly tar       cksum: 6085,
2149 silly tar       linkpath: '',
2149 silly tar       uname: '',
2149 silly tar       gname: '',
2149 silly tar       devmaj: 0,
2149 silly tar       devmin: 0,
2149 silly tar       atime: null,
2149 silly tar       ctime: null,
2149 silly tar       [Symbol(type)]: '0'
2149 silly tar     },
2149 silly tar     startBlockSize: 512,
2149 silly tar     blockRemain: 0,
2149 silly tar     remain: 0,
2149 silly tar     type: 'File',
2149 silly tar     meta: false,
2149 silly tar     ignore: false,
2149 silly tar     path: '.vscode/extensions.json',
2149 silly tar     mode: 438,
2149 silly tar     uid: null,
2149 silly tar     gid: null,
2149 silly tar     uname: '',
2149 silly tar     gname: '',
2149 silly tar     size: 67,
2149 silly tar     mtime: 1985-10-26T08:15:00.000Z,
2149 silly tar     atime: null,
2149 silly tar     ctime: null,
2149 silly tar     linkpath: '',
2149 silly tar     absolute: '/Users/vimukthideshan/Final Project/canela-ceylon-scm/blockchain/node_modules/ts-command-line-args/.vscode/extensions.json',
2149 silly tar     [Symbol(shapeMode)]: false,
2149 silly tar     [Symbol(kCapture)]: false,
2149 silly tar     [Symbol(flowing)]: false,
2149 silly tar     [Symbol(paused)]: true,
2149 silly tar     [Symbol(pipes)]: [ [Pipe] ],
2149 silly tar     [Symbol(buffer)]: [],
2149 silly tar     [Symbol(objectMode)]: false,
2149 silly tar     [Symbol(encoding)]: null,
2149 silly tar     [Symbol(async)]: false,
2149 silly tar     [Symbol(decoder)]: null,
2149 silly tar     [Symbol(EOF)]: true,
2149 silly tar     [Symbol(emittedEnd)]: true,
2149 silly tar     [Symbol(emittingEnd)]: false,
2149 silly tar     [Symbol(closed)]: false,
2149 silly tar     [Symbol(emittedError)]: null,
2149 silly tar     [Symbol(bufferLength)]: 0,
2149 silly tar     [Symbol(destroyed)]: false,
2149 silly tar     [Symbol(signal)]: undefined,
2149 silly tar     [Symbol(aborted)]: false
2149 silly tar   },
2149 silly tar   cwd: '/Users/vimukthideshan/Final Project/canela-ceylon-scm/blockchain/node_modules/ts-command-line-args',
2149 silly tar   tarCode: 'TAR_ENTRY_ERROR'
2149 silly tar }
2150 warn tar TAR_ENTRY_ERROR EPERM: operation not permitted, open '/Users/vimukthideshan/Final Project/canela-ceylon-scm/blockchain/node_modules/ts-command-line-args/.vscode/settings.json'
2151 silly tar TAR_ENTRY_ERROR EPERM: operation not permitted, open '/Users/vimukthideshan/Final Project/canela-ceylon-scm/blockchain/node_modules/ts-command-line-args/.vscode/settings.json' [Error: EPERM: operation not permitted, open '/Users/vimukthideshan/Final Project/canela-ceylon-scm/blockchain/node_modules/ts-command-line-args/.vscode/settings.json'] {
2151 silly tar   errno: -1,
2151 silly tar   code: 'EPERM',
2151 silly tar   syscall: 'open',
2151 silly tar   path: '/Users/vimukthideshan/Final Project/canela-ceylon-scm/blockchain/node_modules/ts-command-line-args/.vscode/settings.json',
2151 silly tar   entry: ReadEntry {
2151 silly tar     _events: [Object: null prototype] {},
2151 silly tar     _eventsCount: 0,
2151 silly tar     _maxListeners: undefined,
2151 silly tar     writable: false,
2151 silly tar     readable: false,
2151 silly tar     extended: null,
2151 silly tar     globalExtended: null,
2151 silly tar     header: Header {
2151 silly tar       cksumValid: true,
2151 silly tar       needPax: false,
2151 silly tar       nullBlock: false,
2151 silly tar       block: null,
2151 silly tar       path: 'package/.vscode/settings.json',
2151 silly tar       mode: 420,
2151 silly tar       uid: null,
2151 silly tar       gid: null,
2151 silly tar       size: 106,
2151 silly tar       mtime: 1985-10-26T08:15:00.000Z,
2151 silly tar       cksum: 5866,
2151 silly tar       linkpath: '',
2151 silly tar       uname: '',
2151 silly tar       gname: '',
2151 silly tar       devmaj: 0,
2151 silly tar       devmin: 0,
2151 silly tar       atime: null,
2151 silly tar       ctime: null,
2151 silly tar       [Symbol(type)]: '0'
2151 silly tar     },
2151 silly tar     startBlockSize: 512,
2151 silly tar     blockRemain: 0,
2151 silly tar     remain: 0,
2151 silly tar     type: 'File',
2151 silly tar     meta: false,
2151 silly tar     ignore: false,
2151 silly tar     path: '.vscode/settings.json',
2151 silly tar     mode: 438,
2151 silly tar     uid: null,
2151 silly tar     gid: null,
2151 silly tar     uname: '',
2151 silly tar     gname: '',
2151 silly tar     size: 106,
2151 silly tar     mtime: 1985-10-26T08:15:00.000Z,
2151 silly tar     atime: null,
2151 silly tar     ctime: null,
2151 silly tar     linkpath: '',
2151 silly tar     absolute: '/Users/vimukthideshan/Final Project/canela-ceylon-scm/blockchain/node_modules/ts-command-line-args/.vscode/settings.json',
2151 silly tar     [Symbol(shapeMode)]: false,
2151 silly tar     [Symbol(kCapture)]: false,
2151 silly tar     [Symbol(flowing)]: false,
2151 silly tar     [Symbol(paused)]: true,
2151 silly tar     [Symbol(pipes)]: [ [Pipe] ],
2151 silly tar     [Symbol(buffer)]: [],
2151 silly tar     [Symbol(objectMode)]: false,
2151 silly tar     [Symbol(encoding)]: null,
2151 silly tar     [Symbol(async)]: false,
2151 silly tar     [Symbol(decoder)]: null,
2151 silly tar     [Symbol(EOF)]: true,
2151 silly tar     [Symbol(emittedEnd)]: true,
2151 silly tar     [Symbol(emittingEnd)]: false,
2151 silly tar     [Symbol(closed)]: false,
2151 silly tar     [Symbol(emittedError)]: null,
2151 silly tar     [Symbol(bufferLength)]: 0,
2151 silly tar     [Symbol(destroyed)]: false,
2151 silly tar     [Symbol(signal)]: undefined,
2151 silly tar     [Symbol(aborted)]: false
2151 silly tar   },
2151 silly tar   cwd: '/Users/vimukthideshan/Final Project/canela-ceylon-scm/blockchain/node_modules/ts-command-line-args',
2151 silly tar   tarCode: 'TAR_ENTRY_ERROR'
2151 silly tar }
2152 http fetch GET 200 https://registry.npmjs.org/is-plain-obj/-/is-plain-obj-2.1.0.tgz 449ms (cache miss)
2153 http fetch GET 200 https://registry.npmjs.org/ts-command-line-args/-/ts-command-line-args-2.5.1.tgz 447ms (cache miss)
2154 http fetch GET 200 https://registry.npmjs.org/mkdirp/-/mkdirp-1.0.4.tgz 452ms (cache miss)
2155 http fetch GET 200 https://registry.npmjs.org/fs-extra/-/fs-extra-7.0.1.tgz 462ms (cache miss)
2156 http fetch GET 200 https://registry.npmjs.org/fsevents/-/fsevents-2.3.3.tgz 468ms (cache miss)
2157 http fetch GET 200 https://registry.npmjs.org/has-flag/-/has-flag-4.0.0.tgz 473ms (cache miss)
2158 http fetch GET 200 https://registry.npmjs.org/esbuild/-/esbuild-0.28.1.tgz 488ms (cache miss)
2159 http fetch GET 200 https://registry.npmjs.org/is-fullwidth-code-point/-/is-fullwidth-code-point-3.0.0.tgz 503ms (cache miss)
2160 http fetch GET 200 https://registry.npmjs.org/ansi-regex/-/ansi-regex-5.0.1.tgz 518ms (cache miss)
2161 http fetch GET 200 https://registry.npmjs.org/emoji-regex/-/emoji-regex-9.2.2.tgz 527ms (cache miss)
2162 http fetch GET 200 https://registry.npmjs.org/table-layout/-/table-layout-1.0.2.tgz 540ms (cache miss)
2163 http fetch GET 200 https://registry.npmjs.org/safe-buffer/-/safe-buffer-5.2.1.tgz 543ms (cache miss)
2164 http fetch GET 200 https://registry.npmjs.org/eastasianwidth/-/eastasianwidth-0.2.0.tgz 551ms (cache miss)
2165 http fetch GET 200 https://registry.npmjs.org/shebang-regex/-/shebang-regex-3.0.0.tgz 551ms (cache miss)
2166 http fetch GET 200 https://registry.npmjs.org/randombytes/-/randombytes-2.1.0.tgz 551ms (cache miss)
2167 http fetch GET 200 https://registry.npmjs.org/util-deprecate/-/util-deprecate-1.0.2.tgz 560ms (cache miss)
2168 http fetch GET 200 https://registry.npmjs.org/find-replace/-/find-replace-3.0.0.tgz 562ms (cache miss)
2169 http fetch GET 200 https://registry.npmjs.org/string_decoder/-/string_decoder-1.3.0.tgz 560ms (cache miss)
2170 http fetch GET 200 https://registry.npmjs.org/sisteransi/-/sisteransi-1.0.5.tgz 594ms (cache miss)
2171 http fetch GET 200 https://registry.npmjs.org/kleur/-/kleur-3.0.3.tgz 631ms (cache miss)
2172 http fetch GET 200 https://registry.npmjs.org/p-limit/-/p-limit-3.1.0.tgz 706ms (cache miss)
2173 http fetch GET 200 https://registry.npmjs.org/through2/-/through2-4.0.2.tgz 720ms (cache miss)
2174 http fetch GET 200 https://registry.npmjs.org/yocto-queue/-/yocto-queue-0.1.0.tgz 721ms (cache miss)
2175 http fetch GET 200 https://registry.npmjs.org/json-stringify-safe/-/json-stringify-safe-5.0.1.tgz 725ms (cache miss)
2176 http fetch GET 200 https://registry.npmjs.org/split2/-/split2-3.2.2.tgz 763ms (cache miss)
2177 http fetch GET 200 https://registry.npmjs.org/minimist/-/minimist-1.2.8.tgz 816ms (cache miss)
2178 http fetch GET 200 https://registry.npmjs.org/brace-expansion/-/brace-expansion-2.1.4.tgz 841ms (cache miss)
2179 http fetch GET 200 https://registry.npmjs.org/balanced-match/-/balanced-match-1.0.2.tgz 871ms (cache miss)
2180 http fetch GET 200 https://registry.npmjs.org/lru-cache/-/lru-cache-10.4.3.tgz 872ms (cache miss)
2181 http fetch GET 200 https://registry.npmjs.org/readable-stream/-/readable-stream-3.6.2.tgz 895ms (cache miss)
2182 http fetch GET 200 https://registry.npmjs.org/color-name/-/color-name-1.1.4.tgz 990ms (cache miss)
2183 http fetch GET 200 https://registry.npmjs.org/@types/prettier/-/prettier-2.7.3.tgz 994ms (cache miss)
2184 http fetch GET 200 https://registry.npmjs.org/ansi-styles/-/ansi-styles-4.3.0.tgz 1011ms (cache miss)
2185 http fetch GET 200 https://registry.npmjs.org/color-convert/-/color-convert-2.0.1.tgz 1094ms (cache miss)
2186 http fetch GET 200 https://registry.npmjs.org/p-locate/-/p-locate-5.0.0.tgz 1110ms (cache miss)
2187 http fetch GET 200 https://registry.npmjs.org/is-unicode-supported/-/is-unicode-supported-0.1.0.tgz 1116ms (cache miss)
2188 http fetch GET 200 https://registry.npmjs.org/wrap-ansi/-/wrap-ansi-7.0.0.tgz 1116ms (cache miss)
2189 http fetch GET 200 https://registry.npmjs.org/wrap-ansi/-/wrap-ansi-8.1.0.tgz 1116ms (cache miss)
2190 http fetch GET 200 https://registry.npmjs.org/strip-ansi/-/strip-ansi-6.0.1.tgz 1129ms (cache miss)
2191 http fetch GET 200 https://registry.npmjs.org/argparse/-/argparse-2.0.1.tgz 1138ms (cache miss)
2192 http fetch GET 200 https://registry.npmjs.org/string-width/-/string-width-4.2.3.tgz 1166ms (cache miss)
2193 http fetch GET 200 https://registry.npmjs.org/string-width/-/string-width-5.1.2.tgz 1167ms (cache miss)
2194 http fetch GET 200 https://registry.npmjs.org/which/-/which-2.0.2.tgz 1169ms (cache miss)
2195 http fetch GET 200 https://registry.npmjs.org/shebang-command/-/shebang-command-2.0.0.tgz 1237ms (cache miss)
2196 http fetch GET 200 https://registry.npmjs.org/path-key/-/path-key-3.1.1.tgz 1298ms (cache miss)
2197 http fetch GET 200 https://registry.npmjs.org/chalk/-/chalk-4.1.2.tgz 1298ms (cache miss)
2198 http fetch GET 200 https://registry.npmjs.org/package-json-from-dist/-/package-json-from-dist-1.0.1.tgz 1309ms (cache miss)
2199 http fetch GET 200 https://registry.npmjs.org/cross-spawn/-/cross-spawn-7.0.6.tgz 1321ms (cache miss)
2200 http fetch GET 200 https://registry.npmjs.org/signal-exit/-/signal-exit-4.1.0.tgz 1348ms (cache miss)
2201 http fetch GET 200 https://registry.npmjs.org/jackspeak/-/jackspeak-3.4.3.tgz 1385ms (cache miss)
2202 http fetch GET 200 https://registry.npmjs.org/minipass/-/minipass-7.1.3.tgz 1424ms (cache miss)
2203 http fetch GET 200 https://registry.npmjs.org/foreground-child/-/foreground-child-3.3.1.tgz 1433ms (cache miss)
2204 http fetch GET 200 https://registry.npmjs.org/path-scurry/-/path-scurry-1.11.1.tgz 1435ms (cache miss)
2205 http fetch GET 200 https://registry.npmjs.org/path-exists/-/path-exists-4.0.0.tgz 1441ms (cache miss)
2206 http fetch GET 200 https://registry.npmjs.org/locate-path/-/locate-path-6.0.0.tgz 1479ms (cache miss)
2207 http fetch GET 200 https://registry.npmjs.org/@isaacs/cliui/-/cliui-8.0.2.tgz 1483ms (cache miss)
2208 http fetch GET 200 https://registry.npmjs.org/@pkgjs/parseargs/-/parseargs-0.11.0.tgz 1494ms (cache miss)
2209 http fetch GET 200 https://registry.npmjs.org/yargs-unparser/-/yargs-unparser-2.0.0.tgz 1522ms (cache miss)
2210 http fetch GET 200 https://registry.npmjs.org/yargs-parser/-/yargs-parser-21.1.1.tgz 1523ms (cache miss)
2211 http fetch GET 200 https://registry.npmjs.org/yargs/-/yargs-17.7.3.tgz 1544ms (cache miss)
2212 http fetch GET 200 https://registry.npmjs.org/workerpool/-/workerpool-9.3.4.tgz 1587ms (cache miss)
2213 http fetch GET 200 https://registry.npmjs.org/supports-color/-/supports-color-8.1.1.tgz 1591ms (cache miss)
2214 http fetch GET 200 https://registry.npmjs.org/strip-json-comments/-/strip-json-comments-3.1.1.tgz 1606ms (cache miss)
2215 http fetch GET 200 https://registry.npmjs.org/serialize-javascript/-/serialize-javascript-6.0.2.tgz 1609ms (cache miss)
2216 http fetch GET 200 https://registry.npmjs.org/picocolors/-/picocolors-1.1.1.tgz 1611ms (cache miss)
2217 http fetch GET 200 https://registry.npmjs.org/ms/-/ms-2.1.3.tgz 1617ms (cache miss)
2218 http fetch GET 200 https://registry.npmjs.org/log-symbols/-/log-symbols-4.1.0.tgz 1642ms (cache miss)
2219 http fetch GET 200 https://registry.npmjs.org/is-path-inside/-/is-path-inside-3.0.3.tgz 1652ms (cache miss)
2220 http fetch GET 200 https://registry.npmjs.org/find-up/-/find-up-5.0.0.tgz 1747ms (cache miss)
2221 http fetch GET 200 https://registry.npmjs.org/escape-string-regexp/-/escape-string-regexp-4.0.0.tgz 1747ms (cache miss)
2222 http fetch GET 200 https://registry.npmjs.org/he/-/he-1.2.0.tgz 1750ms (cache miss)
2223 http fetch GET 200 https://registry.npmjs.org/glob/-/glob-10.5.0.tgz 1757ms (cache miss)
2224 warn deprecated glob@10.5.0: Old versions of glob are not supported, and contain widely publicized security vulnerabilities, which have been fixed in the current version. Please update. Support for old versions may be purchased (at exorbitant rates) by contacting i@izs.me
2225 http fetch GET 200 https://registry.npmjs.org/diff/-/diff-7.0.0.tgz 1797ms (cache miss)
2226 http fetch GET 200 https://registry.npmjs.org/strip-ansi/-/strip-ansi-6.0.1.tgz 1811ms (cache miss)
2227 http fetch GET 200 https://registry.npmjs.org/debug/-/debug-4.4.3.tgz 1820ms (cache miss)
2228 http fetch GET 200 https://registry.npmjs.org/minimatch/-/minimatch-9.0.9.tgz 1831ms (cache miss)
2229 http fetch GET 200 https://registry.npmjs.org/browser-stdout/-/browser-stdout-1.3.1.tgz 1847ms (cache miss)
2230 http fetch GET 200 https://registry.npmjs.org/readdirp/-/readdirp-5.1.1.tgz 1879ms (cache miss)
2231 http fetch GET 200 https://registry.npmjs.org/ansi-colors/-/ansi-colors-4.1.3.tgz 1900ms (cache miss)
2232 http fetch GET 200 https://registry.npmjs.org/js-yaml/-/js-yaml-4.3.1.tgz 1903ms (cache miss)
2233 http fetch GET 200 https://registry.npmjs.org/micro-packed/-/micro-packed-0.7.3.tgz 1939ms (cache miss)
2234 http fetch GET 200 https://registry.npmjs.org/resolve.exports/-/resolve.exports-2.0.3.tgz 2139ms (cache miss)
2235 http fetch GET 200 https://registry.npmjs.org/enquirer/-/enquirer-2.4.1.tgz 2313ms (cache miss)
2236 http fetch GET 200 https://registry.npmjs.org/p-map/-/p-map-7.0.6.tgz 2956ms (cache miss)
2237 http fetch GET 200 https://registry.npmjs.org/adm-zip/-/adm-zip-0.6.0.tgz 2962ms (cache miss)
2238 http fetch GET 200 https://registry.npmjs.org/semver/-/semver-7.8.5.tgz 3010ms (cache miss)
2239 http fetch GET 200 https://registry.npmjs.org/chokidar/-/chokidar-5.0.0.tgz 3206ms (cache miss)
2240 http fetch GET 200 https://registry.npmjs.org/undici-types/-/undici-types-6.19.8.tgz 3545ms (cache miss)
2241 http fetch GET 200 https://registry.npmjs.org/ws/-/ws-8.21.0.tgz 3787ms (cache miss)
2242 http fetch GET 200 https://registry.npmjs.org/@nomicfoundation/hardhat-vendored/-/hardhat-vendored-3.0.4.tgz 3961ms (cache miss)
2243 http fetch GET 200 https://registry.npmjs.org/@nomicfoundation/edr/-/edr-0.15.0.tgz 4045ms (cache miss)
2244 http fetch GET 200 https://registry.npmjs.org/prettier/-/prettier-2.8.8.tgz 4066ms (cache miss)
2245 http fetch GET 200 https://registry.npmjs.org/micro-eth-signer/-/micro-eth-signer-0.14.0.tgz 4155ms (cache miss)
2246 http fetch GET 200 https://registry.npmjs.org/tslib/-/tslib-2.7.0.tgz 4382ms (cache miss)
2247 http fetch GET 200 https://registry.npmjs.org/is-safe-filename/-/is-safe-filename-0.1.1.tgz 5021ms (cache miss)
2248 http fetch GET 200 https://registry.npmjs.org/@sentry/core/-/core-9.47.1.tgz 5391ms (cache miss)
2249 http fetch GET 200 https://registry.npmjs.org/@scure/base/-/base-1.1.9.tgz 5418ms (cache miss)
2250 http fetch GET 200 https://registry.npmjs.org/@adraffy/ens-normalize/-/ens-normalize-1.11.1.tgz 5533ms (cache miss)
2251 http fetch GET 200 https://registry.npmjs.org/@scure/bip39/-/bip39-1.3.0.tgz 6141ms (cache miss)
2252 http fetch GET 200 https://registry.npmjs.org/minimalistic-crypto-utils/-/minimalistic-crypto-utils-1.0.1.tgz 6287ms (cache miss)
2253 http fetch GET 200 https://registry.npmjs.org/minimalistic-assert/-/minimalistic-assert-1.0.1.tgz 6477ms (cache miss)
2254 http fetch GET 200 https://registry.npmjs.org/@scure/bip32/-/bip32-1.4.0.tgz 6780ms (cache miss)
2255 http fetch GET 200 https://registry.npmjs.org/inherits/-/inherits-2.0.4.tgz 7138ms (cache miss)
2256 http fetch GET 200 https://registry.npmjs.org/hmac-drbg/-/hmac-drbg-1.0.1.tgz 7200ms (cache miss)
2257 http fetch GET 200 https://registry.npmjs.org/@types/node/-/node-22.7.5.tgz 7235ms (cache miss)
2258 http fetch GET 200 https://registry.npmjs.org/brorand/-/brorand-1.1.0.tgz 7291ms (cache miss)
2259 http fetch GET 200 https://registry.npmjs.org/check-error/-/check-error-2.1.3.tgz 7620ms (cache miss)
2260 http fetch GET 200 https://registry.npmjs.org/assertion-error/-/assertion-error-2.0.1.tgz 7768ms (cache miss)
2261 http fetch GET 200 https://registry.npmjs.org/@types/deep-eql/-/deep-eql-4.0.2.tgz 7768ms (cache miss)
2262 http fetch GET 200 https://registry.npmjs.org/@types/chai/-/chai-5.2.3.tgz 7817ms (cache miss)
2263 http fetch GET 200 https://registry.npmjs.org/@cto.af/wtf8/-/wtf8-0.0.5.tgz 8257ms (cache miss)
2264 http fetch GET 200 https://registry.npmjs.org/@nomicfoundation/solidity-analyzer-win32-x64-msvc/-/solidity-analyzer-win32-x64-msvc-0.1.2.tgz 9320ms (cache miss)
2265 http fetch GET 200 https://registry.npmjs.org/aes-js/-/aes-js-4.0.0-beta.5.tgz 9335ms (cache miss)
2266 http fetch GET 200 https://registry.npmjs.org/@noble/curves/-/curves-1.4.2.tgz 9338ms (cache miss)
2267 http fetch GET 200 https://registry.npmjs.org/lodash/-/lodash-4.18.1.tgz 9420ms (cache miss)
2268 http fetch GET 200 https://registry.npmjs.org/@streamparser/json/-/json-0.0.22.tgz 11045ms (cache miss)
2269 http fetch GET 200 https://registry.npmjs.org/ts-essentials/-/ts-essentials-7.0.3.tgz 12414ms (cache miss)
2270 http fetch GET 200 https://registry.npmjs.org/ndjson/-/ndjson-2.0.0.tgz 12818ms (cache miss)
2271 http fetch GET 200 https://registry.npmjs.org/@nomicfoundation/solidity-analyzer-linux-x64-musl/-/solidity-analyzer-linux-x64-musl-0.1.2.tgz 13300ms (cache miss)
2272 http fetch GET 200 https://registry.npmjs.org/@nomicfoundation/solidity-analyzer-linux-x64-gnu/-/solidity-analyzer-linux-x64-gnu-0.1.2.tgz 13312ms (cache miss)
2273 http fetch GET 200 https://registry.npmjs.org/@nomicfoundation/solidity-analyzer-darwin-arm64/-/solidity-analyzer-darwin-arm64-0.1.2.tgz 13924ms (cache miss)
2274 http fetch GET 200 https://registry.npmjs.org/@nomicfoundation/solidity-analyzer-darwin-x64/-/solidity-analyzer-darwin-x64-0.1.2.tgz 14054ms (cache miss)
2275 http fetch GET 200 https://registry.npmjs.org/elliptic/-/elliptic-6.6.1.tgz 14106ms (cache miss)
2276 http fetch GET 200 https://registry.npmjs.org/immer/-/immer-11.1.15.tgz 14688ms (cache miss)
2277 http fetch GET 200 https://registry.npmjs.org/hash.js/-/hash.js-1.1.7.tgz 14976ms (cache miss)
2278 http fetch GET 200 https://registry.npmjs.org/@ethersproject/signing-key/-/signing-key-5.8.0.tgz 15327ms (cache miss)
2279 http fetch GET 200 https://registry.npmjs.org/@nomicfoundation/solidity-analyzer/-/solidity-analyzer-0.1.2.tgz 15412ms (cache miss)
2280 http fetch GET 200 https://registry.npmjs.org/js-sha3/-/js-sha3-0.8.0.tgz 15587ms (cache miss)
2281 http fetch GET 200 https://registry.npmjs.org/lodash-es/-/lodash-es-4.18.1.tgz 15714ms (cache miss)
2282 http fetch GET 200 https://registry.npmjs.org/@nomicfoundation/edr-win32-x64-msvc/-/edr-win32-x64-msvc-0.15.0.tgz 15786ms (cache miss)
2283 http fetch GET 200 https://registry.npmjs.org/@ethersproject/web/-/web-5.8.0.tgz 15822ms (cache miss)
2284 http fetch GET 200 https://registry.npmjs.org/@ethersproject/abstract-provider/-/abstract-provider-5.8.0.tgz 16313ms (cache miss)
2285 http fetch GET 200 https://registry.npmjs.org/bn.js/-/bn.js-5.2.5.tgz 16325ms (cache miss)
2286 http fetch GET 200 https://registry.npmjs.org/@ethersproject/base64/-/base64-5.8.0.tgz 16664ms (cache miss)
2287 http fetch GET 200 https://registry.npmjs.org/@ethersproject/networks/-/networks-5.8.0.tgz 16936ms (cache miss)
2288 http fetch GET 200 https://registry.npmjs.org/@ethersproject/transactions/-/transactions-5.8.0.tgz 17013ms (cache miss)
2289 http fetch GET 200 https://registry.npmjs.org/@ethersproject/abstract-signer/-/abstract-signer-5.8.0.tgz 17086ms (cache miss)
2290 http fetch GET 200 https://registry.npmjs.org/@ethersproject/rlp/-/rlp-5.8.0.tgz 17514ms (cache miss)
2291 http fetch GET 200 https://registry.npmjs.org/@ethersproject/keccak256/-/keccak256-5.8.0.tgz 17513ms (cache miss)
2292 http fetch GET 200 https://registry.npmjs.org/@nomicfoundation/solidity-analyzer-linux-arm64-gnu/-/solidity-analyzer-linux-arm64-gnu-0.1.2.tgz 17599ms (cache miss)
2293 http fetch GET 200 https://registry.npmjs.org/@ethersproject/properties/-/properties-5.8.0.tgz 17680ms (cache miss)
2294 http fetch GET 200 https://registry.npmjs.org/@nomicfoundation/edr-darwin-arm64/-/edr-darwin-arm64-0.15.0.tgz 17719ms (cache miss)
2295 http fetch GET 200 https://registry.npmjs.org/@nomicfoundation/solidity-analyzer-linux-arm64-musl/-/solidity-analyzer-linux-arm64-musl-0.1.2.tgz 17832ms (cache miss)
2296 http fetch GET 200 https://registry.npmjs.org/@ethersproject/constants/-/constants-5.8.0.tgz 17882ms (cache miss)
2297 http fetch GET 200 https://registry.npmjs.org/@ethersproject/strings/-/strings-5.8.0.tgz 17919ms (cache miss)
2298 http fetch GET 200 https://registry.npmjs.org/@ethersproject/logger/-/logger-5.8.0.tgz 18041ms (cache miss)
2299 http fetch GET 200 https://registry.npmjs.org/@ethersproject/hash/-/hash-5.8.0.tgz 18140ms (cache miss)
2300 http fetch GET 200 https://registry.npmjs.org/@ethersproject/address/-/address-5.8.0.tgz 18166ms (cache miss)
2301 http fetch GET 200 https://registry.npmjs.org/@ethersproject/bignumber/-/bignumber-5.8.0.tgz 18252ms (cache miss)
2302 http fetch GET 200 https://registry.npmjs.org/@ethersproject/bytes/-/bytes-5.8.0.tgz 18258ms (cache miss)
2303 http fetch GET 200 https://registry.npmjs.org/fast-equals/-/fast-equals-5.4.1.tgz 18308ms (cache miss)
2304 http fetch GET 200 https://registry.npmjs.org/rfdc/-/rfdc-1.4.1.tgz 18334ms (cache miss)
2305 http fetch GET 200 https://registry.npmjs.org/json-stream-stringify/-/json-stream-stringify-3.1.7.tgz 18665ms (cache miss)
2306 http fetch GET 200 https://registry.npmjs.org/cbor2/-/cbor2-2.3.0.tgz 18675ms (cache miss)
2307 http fetch GET 200 https://registry.npmjs.org/env-paths/-/env-paths-4.0.0.tgz 18720ms (cache miss)
2308 http fetch GET 200 https://registry.npmjs.org/@ethersproject/abi/-/abi-5.8.0.tgz 18784ms (cache miss)
2309 http fetch GET 200 https://registry.npmjs.org/typechain/-/typechain-8.3.2.tgz 19074ms (cache miss)
2310 http fetch GET 200 https://registry.npmjs.org/@streamparser/json-node/-/json-node-0.0.22.tgz 19093ms (cache miss)
2311 http fetch GET 200 https://registry.npmjs.org/@typechain/ethers-v6/-/ethers-v6-0.5.1.tgz 19109ms (cache miss)
2312 http fetch GET 200 https://registry.npmjs.org/json5/-/json5-2.2.3.tgz 19132ms (cache miss)
2313 http fetch GET 200 https://registry.npmjs.org/tsx/-/tsx-4.23.9.tgz 19208ms (cache miss)
2314 http fetch GET 200 https://registry.npmjs.org/prompts/-/prompts-2.4.2.tgz 19253ms (cache miss)
2315 http fetch GET 200 https://registry.npmjs.org/@noble/ciphers/-/ciphers-1.2.1.tgz 19380ms (cache miss)
2316 http fetch GET 200 https://registry.npmjs.org/deep-eql/-/deep-eql-5.0.2.tgz 19418ms (cache miss)
2317 http fetch GET 200 https://registry.npmjs.org/@types/chai-as-promised/-/chai-as-promised-8.0.2.tgz 19597ms (cache miss)
2318 http fetch GET 200 https://registry.npmjs.org/ethereum-cryptography/-/ethereum-cryptography-2.2.1.tgz 19664ms (cache miss)
2319 http fetch GET 200 https://registry.npmjs.org/chai-as-promised/-/chai-as-promised-8.0.2.tgz 19675ms (cache miss)
2320 http fetch GET 200 https://registry.npmjs.org/@nomicfoundation/hardhat-zod-utils/-/hardhat-zod-utils-3.0.5.tgz 19920ms (cache miss)
2321 http fetch GET 200 https://registry.npmjs.org/undici/-/undici-6.28.0.tgz 20236ms (cache miss)
2322 http fetch GET 200 https://registry.npmjs.org/@noble/hashes/-/hashes-1.7.1.tgz 20249ms (cache miss)
2323 http fetch GET 200 https://registry.npmjs.org/@nomicfoundation/hardhat-utils/-/hardhat-utils-4.1.7.tgz 20318ms (cache miss)
2324 http fetch GET 200 https://registry.npmjs.org/@nomicfoundation/hardhat-errors/-/hardhat-errors-3.0.18.tgz 20549ms (cache miss)
2325 http fetch GET 200 https://registry.npmjs.org/dotenv/-/dotenv-16.6.1.tgz 21119ms (cache miss)
2326 http fetch GET 200 https://registry.npmjs.org/@nomicfoundation/hardhat-network-helpers/-/hardhat-network-helpers-3.0.11.tgz 21156ms (cache miss)
2327 http fetch GET 200 https://registry.npmjs.org/@nomicfoundation/hardhat-typechain/-/hardhat-typechain-3.1.1.tgz 21200ms (cache miss)
2328 http fetch GET 200 https://registry.npmjs.org/@nomicfoundation/hardhat-mocha/-/hardhat-mocha-3.1.0.tgz 21786ms (cache miss)
2329 http fetch GET 200 https://registry.npmjs.org/@nomicfoundation/hardhat-keystore/-/hardhat-keystore-3.0.12.tgz 22099ms (cache miss)
2330 http fetch GET 200 https://registry.npmjs.org/zod/-/zod-3.25.76.tgz 22147ms (cache miss)
2331 http fetch GET 200 https://registry.npmjs.org/@nomicfoundation/hardhat-ignition-ethers/-/hardhat-ignition-ethers-3.1.6.tgz 22303ms (cache miss)
2332 http fetch GET 200 https://registry.npmjs.org/chai/-/chai-6.2.2.tgz 22875ms (cache miss)
2333 http fetch GET 200 https://registry.npmjs.org/@nomicfoundation/hardhat-verify/-/hardhat-verify-3.0.22.tgz 23228ms (cache miss)
2334 http fetch GET 200 https://registry.npmjs.org/@nomicfoundation/hardhat-ignition/-/hardhat-ignition-3.1.8.tgz 23241ms (cache miss)
2335 http fetch GET 200 https://registry.npmjs.org/@nomicfoundation/hardhat-ethers-chai-matchers/-/hardhat-ethers-chai-matchers-3.0.11.tgz 23443ms (cache miss)
2336 http fetch GET 200 https://registry.npmjs.org/@nomicfoundation/ignition-ui/-/ignition-ui-3.1.2.tgz 23653ms (cache miss)
2337 http fetch GET 200 https://registry.npmjs.org/wrap-ansi/-/wrap-ansi-7.0.0.tgz 24071ms (cache miss)
2338 http fetch GET 200 https://registry.npmjs.org/emoji-regex/-/emoji-regex-8.0.0.tgz 24568ms (cache miss)
2339 http fetch GET 200 https://registry.npmjs.org/@nomicfoundation/hardhat-ethers/-/hardhat-ethers-4.0.15.tgz 25169ms (cache miss)
2340 http fetch GET 200 https://registry.npmjs.org/string-width/-/string-width-4.2.3.tgz 25180ms (cache miss)
2341 http fetch GET 200 https://registry.npmjs.org/typical/-/typical-5.2.0.tgz 25445ms (cache miss)
2342 http fetch GET 200 https://registry.npmjs.org/@nomicfoundation/ignition-core/-/ignition-core-3.1.9.tgz 26037ms (cache miss)
2343 http fetch GET 200 https://registry.npmjs.org/@nomicfoundation/hardhat-toolbox-mocha-ethers/-/hardhat-toolbox-mocha-ethers-3.0.7.tgz 26192ms (cache miss)
2344 http fetch GET 200 https://registry.npmjs.org/typical/-/typical-5.2.0.tgz 26239ms (cache miss)
2345 http fetch GET 200 https://registry.npmjs.org/array-back/-/array-back-4.0.2.tgz 26239ms (cache miss)
2346 http fetch GET 200 https://registry.npmjs.org/has-flag/-/has-flag-3.0.0.tgz 26642ms (cache miss)
2347 http fetch GET 200 https://registry.npmjs.org/color-convert/-/color-convert-1.9.3.tgz 27195ms (cache miss)
2348 http fetch GET 200 https://registry.npmjs.org/supports-color/-/supports-color-5.5.0.tgz 27309ms (cache miss)
2349 http fetch GET 200 https://registry.npmjs.org/escape-string-regexp/-/escape-string-regexp-1.0.5.tgz 27348ms (cache miss)
2350 http fetch GET 200 https://registry.npmjs.org/ansi-styles/-/ansi-styles-3.2.1.tgz 27359ms (cache miss)
2351 http fetch GET 200 https://registry.npmjs.org/typical/-/typical-5.2.0.tgz 27544ms (cache miss)
2352 http fetch GET 200 https://registry.npmjs.org/mocha/-/mocha-11.8.0.tgz 27717ms (cache miss)
2353 http fetch GET 200 https://registry.npmjs.org/ethers/-/ethers-6.17.0.tgz 27769ms (cache miss)
2354 http fetch GET 200 https://registry.npmjs.org/chalk/-/chalk-2.4.2.tgz 27772ms (cache miss)
2355 http fetch GET 200 https://registry.npmjs.org/supports-color/-/supports-color-7.2.0.tgz 27846ms (cache miss)
2356 http fetch GET 200 https://registry.npmjs.org/array-back/-/array-back-4.0.2.tgz 27849ms (cache miss)
2357 http fetch GET 200 https://registry.npmjs.org/emoji-regex/-/emoji-regex-8.0.0.tgz 27850ms (cache miss)
2358 http fetch GET 200 https://registry.npmjs.org/string-width/-/string-width-4.2.3.tgz 28041ms (cache miss)
2359 http fetch GET 200 https://registry.npmjs.org/ansi-regex/-/ansi-regex-6.2.2.tgz 28151ms (cache miss)
2360 http fetch GET 200 https://registry.npmjs.org/strip-ansi/-/strip-ansi-7.2.0.tgz 28151ms (cache miss)
2361 http fetch GET 200 https://registry.npmjs.org/color-name/-/color-name-1.1.3.tgz 28193ms (cache miss)
2362 http fetch GET 200 https://registry.npmjs.org/ansi-styles/-/ansi-styles-6.2.3.tgz 28217ms (cache miss)
2363 http fetch GET 200 https://registry.npmjs.org/ansi-regex/-/ansi-regex-6.2.2.tgz 28235ms (cache miss)
2364 http fetch GET 200 https://registry.npmjs.org/emoji-regex/-/emoji-regex-8.0.0.tgz 28235ms (cache miss)
2365 http fetch GET 200 https://registry.npmjs.org/hardhat/-/hardhat-3.12.0.tgz 28239ms (cache miss)
2366 http fetch GET 200 https://registry.npmjs.org/strip-ansi/-/strip-ansi-7.2.0.tgz 28296ms (cache miss)
2367 http fetch GET 200 https://registry.npmjs.org/strip-ansi/-/strip-ansi-7.2.0.tgz 28529ms (cache miss)
2368 http fetch GET 200 https://registry.npmjs.org/ansi-regex/-/ansi-regex-6.2.2.tgz 28540ms (cache miss)
2369 http fetch GET 200 https://registry.npmjs.org/string-width/-/string-width-4.2.3.tgz 28586ms (cache miss)
2370 http fetch GET 200 https://registry.npmjs.org/emoji-regex/-/emoji-regex-8.0.0.tgz 28617ms (cache miss)
2371 http fetch GET 200 https://registry.npmjs.org/brace-expansion/-/brace-expansion-1.1.18.tgz 28883ms (cache miss)
2372 http fetch GET 200 https://registry.npmjs.org/@scure/base/-/base-1.2.6.tgz 28961ms (cache miss)
2373 http fetch GET 200 https://registry.npmjs.org/@noble/hashes/-/hashes-1.4.0.tgz 29051ms (cache miss)
2374 http fetch GET 200 https://registry.npmjs.org/bn.js/-/bn.js-4.12.5.tgz 29087ms (cache miss)
2375 http fetch GET 200 https://registry.npmjs.org/@noble/hashes/-/hashes-1.4.0.tgz 29116ms (cache miss)
2376 http fetch GET 200 https://registry.npmjs.org/@noble/hashes/-/hashes-1.4.0.tgz 29274ms (cache miss)
2377 http fetch GET 200 https://registry.npmjs.org/minimatch/-/minimatch-3.1.5.tgz 29275ms (cache miss)
2378 http fetch GET 200 https://registry.npmjs.org/@nomicfoundation/edr-linux-arm64-musl/-/edr-linux-arm64-musl-0.15.0.tgz 29306ms (cache miss)
2379 http fetch GET 200 https://registry.npmjs.org/readdirp/-/readdirp-4.1.2.tgz 29312ms (cache miss)
2380 http fetch GET 200 https://registry.npmjs.org/chokidar/-/chokidar-4.0.3.tgz 29362ms (cache miss)
2381 http fetch GET 200 https://registry.npmjs.org/@noble/curves/-/curves-1.8.2.tgz 29375ms (cache miss)
2382 http fetch GET 200 https://registry.npmjs.org/glob/-/glob-7.1.7.tgz 29380ms (cache miss)
2383 warn deprecated glob@7.1.7: Old versions of glob are not supported, and contain widely publicized security vulnerabilities, which have been fixed in the current version. Please update. Support for old versions may be purchased (at exorbitant rates) by contacting i@izs.me
2384 http fetch GET 200 https://registry.npmjs.org/ws/-/ws-8.21.2.tgz 29426ms (cache miss)
2385 http fetch GET 200 https://registry.npmjs.org/diff 29118ms (cache miss)
2386 silly packumentCache corgi:https://registry.npmjs.org/diff set size:undefined disposed:false
2387 http fetch GET 200 https://registry.npmjs.org/serialize-javascript 29136ms (cache miss)
2388 silly packumentCache corgi:https://registry.npmjs.org/serialize-javascript set size:undefined disposed:false
2389 http fetch GET 200 https://registry.npmjs.org/@noble/hashes/-/hashes-1.4.0.tgz 29495ms (cache miss)
2390 http fetch GET 200 https://registry.npmjs.org/elliptic 29312ms (cache miss)
2391 silly packumentCache corgi:https://registry.npmjs.org/elliptic set size:undefined disposed:false
2392 silly packumentCache corgi:https://registry.npmjs.org/@ethersproject%2fsigning-key cache-miss
2393 http fetch GET 200 https://registry.npmjs.org/@noble/hashes/-/hashes-1.7.2.tgz 29679ms (cache miss)
2394 http fetch GET 200 https://registry.npmjs.org/@noble/hashes/-/hashes-1.3.2.tgz 29715ms (cache miss)
2395 http fetch GET 200 https://registry.npmjs.org/@esbuild/darwin-arm64/-/darwin-arm64-0.28.1.tgz 29798ms (cache miss)
2396 http fetch GET 200 https://registry.npmjs.org/@noble/curves/-/curves-1.2.0.tgz 29973ms (cache miss)
2397 http fetch GET 200 https://registry.npmjs.org/@ethersproject%2fsigning-key 876ms (cache miss)
2398 silly packumentCache corgi:https://registry.npmjs.org/@ethersproject%2fsigning-key set size:undefined disposed:false
2399 silly packumentCache corgi:https://registry.npmjs.org/mocha cache-miss
2400 http fetch GET 200 https://registry.npmjs.org/mocha 501ms (cache miss)
2401 silly packumentCache corgi:https://registry.npmjs.org/mocha set size:undefined disposed:false
2402 silly packumentCache corgi:https://registry.npmjs.org/@ethersproject%2ftransactions cache-miss
2403 http fetch GET 200 https://registry.npmjs.org/@ethersproject%2ftransactions 729ms (cache miss)
2404 silly packumentCache corgi:https://registry.npmjs.org/@ethersproject%2ftransactions set size:undefined disposed:false
2405 silly packumentCache corgi:https://registry.npmjs.org/@nomicfoundation%2fhardhat-toolbox-mocha-ethers cache-miss
2406 silly packumentCache corgi:https://registry.npmjs.org/@nomicfoundation%2fhardhat-mocha cache-miss
2407 http fetch GET 200 https://registry.npmjs.org/@nomicfoundation%2fhardhat-toolbox-mocha-ethers 757ms (cache miss)
2408 silly packumentCache corgi:https://registry.npmjs.org/@nomicfoundation%2fhardhat-toolbox-mocha-ethers set size:undefined disposed:false
2409 http fetch GET 200 https://registry.npmjs.org/@nomicfoundation%2fhardhat-mocha 881ms (cache miss)
2410 silly packumentCache corgi:https://registry.npmjs.org/@nomicfoundation%2fhardhat-mocha set size:undefined disposed:false
2411 silly packumentCache corgi:https://registry.npmjs.org/@ethersproject%2fabstract-provider cache-miss
2412 http fetch GET 200 https://registry.npmjs.org/@nomicfoundation/edr-linux-x64-gnu/-/edr-linux-x64-gnu-0.15.0.tgz 32826ms (cache miss)
2413 http fetch GET 200 https://registry.npmjs.org/@ethersproject%2fabstract-provider 692ms (cache miss)
2414 silly packumentCache corgi:https://registry.npmjs.org/@ethersproject%2fabstract-provider set size:undefined disposed:false
2415 silly packumentCache corgi:https://registry.npmjs.org/@ethersproject%2fabstract-signer cache-miss
2416 http fetch GET 200 https://registry.npmjs.org/@ethersproject%2fabstract-signer 1028ms (cache miss)
2417 silly packumentCache corgi:https://registry.npmjs.org/@ethersproject%2fabstract-signer set size:undefined disposed:false
2418 silly packumentCache corgi:https://registry.npmjs.org/@ethersproject%2fhash cache-miss
2419 http fetch GET 200 https://registry.npmjs.org/typescript/-/typescript-5.9.3.tgz 35250ms (cache miss)
2420 http fetch GET 200 https://registry.npmjs.org/@ethersproject%2fhash 869ms (cache miss)
2421 silly packumentCache corgi:https://registry.npmjs.org/@ethersproject%2fhash set size:undefined disposed:false
2422 silly packumentCache corgi:https://registry.npmjs.org/@ethersproject%2fabi cache-miss
2423 http fetch GET 200 https://registry.npmjs.org/@nomicfoundation/edr-darwin-x64/-/edr-darwin-x64-0.15.0.tgz 35851ms (cache miss)
2424 http fetch GET 200 https://registry.npmjs.org/@ethersproject%2fabi 897ms (cache miss)
2425 silly packumentCache corgi:https://registry.npmjs.org/@ethersproject%2fabi set size:undefined disposed:false
2426 silly packumentCache corgi:https://registry.npmjs.org/@nomicfoundation%2fhardhat-verify cache-miss
2427 http fetch GET 200 https://registry.npmjs.org/@nomicfoundation%2fhardhat-verify 621ms (cache miss)
2428 silly packumentCache corgi:https://registry.npmjs.org/@nomicfoundation%2fhardhat-verify set size:undefined disposed:false
2429 silly packumentCache corgi:https://registry.npmjs.org/@nomicfoundation%2fhardhat-ignition cache-miss
2430 silly packumentCache corgi:https://registry.npmjs.org/@nomicfoundation%2fhardhat-ignition-ethers cache-miss
2431 http fetch GET 200 https://registry.npmjs.org/@nomicfoundation%2fhardhat-ignition 630ms (cache miss)
2432 silly packumentCache corgi:https://registry.npmjs.org/@nomicfoundation%2fhardhat-ignition set size:undefined disposed:false
2433 http fetch GET 200 https://registry.npmjs.org/@nomicfoundation%2fhardhat-ignition-ethers 737ms (cache miss)
2434 silly packumentCache corgi:https://registry.npmjs.org/@nomicfoundation%2fhardhat-ignition-ethers set size:undefined disposed:false
2435 http fetch GET 200 https://registry.npmjs.org/@nomicfoundation/edr-linux-arm64-gnu/-/edr-linux-arm64-gnu-0.15.0.tgz 39155ms (cache miss)
2436 http fetch GET 200 https://registry.npmjs.org/@nomicfoundation/edr-linux-x64-musl/-/edr-linux-x64-musl-0.15.0.tgz 39288ms (cache miss)
2437 info run fsevents@2.3.3 install node_modules/fsevents node-gyp rebuild
2438 info run fsevents@2.3.3 install { code: 1, signal: null }
2439 verbose reify failed optional dependency /Users/vimukthideshan/Final Project/canela-ceylon-scm/blockchain/node_modules/fsevents
2440 silly reify mark deleted [
2440 silly reify   '/Users/vimukthideshan/Final Project/canela-ceylon-scm/blockchain/node_modules/fsevents'
2440 silly reify ]
2441 info run esbuild@0.28.1 postinstall node_modules/esbuild node install.js
2442 info run esbuild@0.28.1 postinstall { code: 0, signal: null }
2443 silly ADD node_modules/concat-map
2444 silly ADD node_modules/wrappy
2445 silly ADD node_modules/path-is-absolute
2446 silly ADD node_modules/once
2447 silly ADD node_modules/inflight
2448 silly ADD node_modules/fs.realpath
2449 silly ADD node_modules/is-plain-obj
2450 silly ADD node_modules/flat
2451 silly ADD node_modules/decamelize
2452 silly ADD node_modules/camelcase
2453 silly ADD node_modules/y18n
2454 silly ADD node_modules/require-directory
2455 silly ADD node_modules/get-caller-file
2456 silly ADD node_modules/escalade
2457 silly ADD node_modules/cliui
2458 silly ADD node_modules/cliui/node_modules/emoji-regex
2459 silly ADD node_modules/cliui/node_modules/wrap-ansi
2460 silly ADD node_modules/cliui/node_modules/string-width
2461 silly ADD node_modules/reduce-flatten
2462 silly ADD node_modules/isexe
2463 silly ADD node_modules/wordwrapjs
2464 silly ADD node_modules/wordwrapjs/node_modules/typical
2465 silly ADD node_modules/deep-extend
2466 silly ADD node_modules/table-layout
2467 silly ADD node_modules/table-layout/node_modules/typical
2468 silly ADD node_modules/table-layout/node_modules/array-back
2469 silly ADD node_modules/typical
2470 silly ADD node_modules/lodash.camelcase
2471 silly ADD node_modules/find-replace
2472 silly ADD node_modules/array-back
2473 silly ADD node_modules/string-format
2474 silly ADD node_modules/command-line-usage
2475 silly ADD node_modules/command-line-usage/node_modules/has-flag
2476 silly ADD node_modules/command-line-usage/node_modules/color-name
2477 silly ADD node_modules/command-line-usage/node_modules/color-convert
2478 silly ADD node_modules/command-line-usage/node_modules/supports-color
2479 silly ADD node_modules/command-line-usage/node_modules/escape-string-regexp
2480 silly ADD node_modules/command-line-usage/node_modules/ansi-styles
2481 silly ADD node_modules/command-line-usage/node_modules/typical
2482 silly ADD node_modules/command-line-usage/node_modules/chalk
2483 silly ADD node_modules/command-line-usage/node_modules/array-back
2484 silly ADD node_modules/command-line-args
2485 silly ADD node_modules/universalify
2486 silly ADD node_modules/jsonfile
2487 silly ADD node_modules/graceful-fs
2488 silly ADD node_modules/ts-command-line-args
2489 silly ADD node_modules/prettier
2490 silly ADD node_modules/mkdirp
2491 silly ADD node_modules/fs-extra
2492 silly ADD node_modules/@types/prettier
2493 silly ADD node_modules/@esbuild/win32-x64
2494 silly ADD node_modules/@esbuild/win32-ia32
2495 silly ADD node_modules/@esbuild/win32-arm64
2496 silly ADD node_modules/@esbuild/sunos-x64
2497 silly ADD node_modules/@esbuild/openharmony-arm64
2498 silly ADD node_modules/@esbuild/openbsd-x64
2499 silly ADD node_modules/@esbuild/openbsd-arm64
2500 silly ADD node_modules/@esbuild/netbsd-x64
2501 silly ADD node_modules/@esbuild/netbsd-arm64
2502 silly ADD node_modules/@esbuild/linux-x64
2503 silly ADD node_modules/@esbuild/linux-s390x
2504 silly ADD node_modules/@esbuild/linux-riscv64
2505 silly ADD node_modules/@esbuild/linux-ppc64
2506 silly ADD node_modules/@esbuild/linux-mips64el
2507 silly ADD node_modules/@esbuild/linux-loong64
2508 silly ADD node_modules/@esbuild/linux-ia32
2509 silly ADD node_modules/@esbuild/linux-arm64
2510 silly ADD node_modules/@esbuild/linux-arm
2511 silly ADD node_modules/@esbuild/freebsd-x64
2512 silly ADD node_modules/@esbuild/freebsd-arm64
2513 silly ADD node_modules/@esbuild/darwin-x64
2514 silly ADD node_modules/@esbuild/darwin-arm64
2515 silly ADD node_modules/@esbuild/android-x64
2516 silly ADD node_modules/@esbuild/android-arm64
2517 silly ADD node_modules/@esbuild/android-arm
2518 silly ADD node_modules/@esbuild/aix-ppc64
2519 silly ADD node_modules/fsevents
2520 silly ADD node_modules/esbuild
2521 silly ADD node_modules/has-flag
2522 silly ADD node_modules/ansi-regex
2523 silly ADD node_modules/is-fullwidth-code-point
2524 silly ADD node_modules/emoji-regex
2525 silly ADD node_modules/eastasianwidth
2526 silly ADD node_modules/shebang-regex
2527 silly ADD node_modules/safe-buffer
2528 silly ADD node_modules/randombytes
2529 silly ADD node_modules/util-deprecate
2530 silly ADD node_modules/string_decoder
2531 silly ADD node_modules/sisteransi
2532 silly ADD node_modules/kleur
2533 silly ADD node_modules/lru-cache
2534 silly ADD node_modules/yocto-queue
2535 silly ADD node_modules/p-limit
2536 silly ADD node_modules/through2
2537 silly ADD node_modules/split2
2538 silly ADD node_modules/readable-stream
2539 silly ADD node_modules/minimist
2540 silly ADD node_modules/json-stringify-safe
2541 silly ADD node_modules/balanced-match
2542 silly ADD node_modules/brace-expansion
2543 silly ADD node_modules/color-name
2544 silly ADD node_modules/color-convert
2545 silly ADD node_modules/ansi-styles
2546 silly ADD node_modules/is-unicode-supported
2547 silly ADD node_modules/chalk
2548 silly ADD node_modules/chalk/node_modules/supports-color
2549 silly ADD node_modules/p-locate
2550 silly ADD node_modules/argparse
2551 silly ADD node_modules/wrap-ansi-cjs
2552 silly ADD node_modules/wrap-ansi-cjs/node_modules/emoji-regex
2553 silly ADD node_modules/wrap-ansi-cjs/node_modules/string-width
2554 silly ADD node_modules/wrap-ansi
2555 silly ADD node_modules/wrap-ansi/node_modules/ansi-regex
2556 silly ADD node_modules/wrap-ansi/node_modules/strip-ansi
2557 silly ADD node_modules/wrap-ansi/node_modules/ansi-styles
2558 silly ADD node_modules/strip-ansi-cjs
2559 silly ADD node_modules/string-width-cjs
2560 silly ADD node_modules/string-width-cjs/node_modules/emoji-regex
2561 silly ADD node_modules/string-width
2562 silly ADD node_modules/string-width/node_modules/ansi-regex
2563 silly ADD node_modules/string-width/node_modules/strip-ansi
2564 silly ADD node_modules/@pkgjs/parseargs
2565 silly ADD node_modules/@isaacs/cliui
2566 silly ADD node_modules/@isaacs/cliui/node_modules/ansi-regex
2567 silly ADD node_modules/@isaacs/cliui/node_modules/strip-ansi
2568 silly ADD node_modules/which
2569 silly ADD node_modules/shebang-command
2570 silly ADD node_modules/path-key
2571 silly ADD node_modules/signal-exit
2572 silly ADD node_modules/cross-spawn
2573 silly ADD node_modules/path-scurry
2574 silly ADD node_modules/package-json-from-dist
2575 silly ADD node_modules/minipass
2576 silly ADD node_modules/jackspeak
2577 silly ADD node_modules/foreground-child
2578 silly ADD node_modules/path-exists
2579 silly ADD node_modules/locate-path
2580 silly ADD node_modules/yargs-unparser
2581 silly ADD node_modules/yargs-parser
2582 silly ADD node_modules/yargs
2583 silly ADD node_modules/yargs/node_modules/emoji-regex
2584 silly ADD node_modules/yargs/node_modules/string-width
2585 silly ADD node_modules/workerpool
2586 silly ADD node_modules/supports-color
2587 silly ADD node_modules/strip-json-comments
2588 silly ADD node_modules/serialize-javascript
2589 silly ADD node_modules/picocolors
2590 silly ADD node_modules/ms
2591 silly ADD node_modules/minimatch
2592 silly ADD node_modules/log-symbols
2593 silly ADD node_modules/js-yaml
2594 silly ADD node_modules/is-path-inside
2595 silly ADD node_modules/he
2596 silly ADD node_modules/glob
2597 silly ADD node_modules/find-up
2598 silly ADD node_modules/escape-string-regexp
2599 silly ADD node_modules/diff
2600 silly ADD node_modules/debug
2601 silly ADD node_modules/browser-stdout
2602 silly ADD node_modules/micro-packed
2603 silly ADD node_modules/micro-packed/node_modules/@scure/base
2604 silly ADD node_modules/strip-ansi
2605 silly ADD node_modules/ansi-colors
2606 silly ADD node_modules/readdirp
2607 silly ADD node_modules/@nomicfoundation/edr-win32-x64-msvc
2608 silly ADD node_modules/@nomicfoundation/edr-linux-x64-musl
2609 silly ADD node_modules/@nomicfoundation/edr-linux-x64-gnu
2610 silly ADD node_modules/@nomicfoundation/edr-linux-arm64-musl
2611 silly ADD node_modules/@nomicfoundation/edr-linux-arm64-gnu
2612 silly ADD node_modules/@nomicfoundation/edr-darwin-x64
2613 silly ADD node_modules/@nomicfoundation/edr-darwin-arm64
2614 silly ADD node_modules/semver
2615 silly ADD node_modules/resolve.exports
2616 silly ADD node_modules/p-map
2617 silly ADD node_modules/micro-eth-signer
2618 silly ADD node_modules/micro-eth-signer/node_modules/@noble/hashes
2619 silly ADD node_modules/micro-eth-signer/node_modules/@noble/curves
2620 silly ADD node_modules/enquirer
2621 silly ADD node_modules/chokidar
2622 silly ADD node_modules/adm-zip
2623 silly ADD node_modules/@sentry/core
2624 silly ADD node_modules/@nomicfoundation/hardhat-vendored
2625 silly ADD node_modules/@nomicfoundation/edr
2626 silly ADD node_modules/undici-types
2627 silly ADD node_modules/ws
2628 silly ADD node_modules/tslib
2629 silly ADD node_modules/aes-js
2630 silly ADD node_modules/@types/node
2631 silly ADD node_modules/@adraffy/ens-normalize
2632 silly ADD node_modules/@scure/base
2633 silly ADD node_modules/@scure/bip39
2634 silly ADD node_modules/@scure/bip39/node_modules/@noble/hashes
2635 silly ADD node_modules/@scure/bip32
2636 silly ADD node_modules/@scure/bip32/node_modules/@noble/hashes
2637 silly ADD node_modules/@noble/curves
2638 silly ADD node_modules/@noble/curves/node_modules/@noble/hashes
2639 silly ADD node_modules/is-safe-filename
2640 silly ADD node_modules/minimalistic-crypto-utils
2641 silly ADD node_modules/minimalistic-assert
2642 silly ADD node_modules/inherits
2643 silly ADD node_modules/hmac-drbg
2644 silly ADD node_modules/brorand
2645 silly ADD node_modules/check-error
2646 silly ADD node_modules/@cto.af/wtf8
2647 silly ADD node_modules/assertion-error
2648 silly ADD node_modules/@types/deep-eql
2649 silly ADD node_modules/@types/chai
2650 silly ADD node_modules/ts-essentials
2651 silly ADD node_modules/lodash
2652 silly ADD node_modules/@streamparser/json
2653 silly ADD node_modules/@nomicfoundation/solidity-analyzer-win32-x64-msvc
2654 silly ADD node_modules/@nomicfoundation/solidity-analyzer-linux-x64-musl
2655 silly ADD node_modules/@nomicfoundation/solidity-analyzer-linux-x64-gnu
2656 silly ADD node_modules/@nomicfoundation/solidity-analyzer-linux-arm64-musl
2657 silly ADD node_modules/@nomicfoundation/solidity-analyzer-linux-arm64-gnu
2658 silly ADD node_modules/@nomicfoundation/solidity-analyzer-darwin-x64
2659 silly ADD node_modules/@nomicfoundation/solidity-analyzer-darwin-arm64
2660 silly ADD node_modules/ndjson
2661 silly ADD node_modules/lodash-es
2662 silly ADD node_modules/immer
2663 silly ADD node_modules/@nomicfoundation/solidity-analyzer
2664 silly ADD node_modules/hash.js
2665 silly ADD node_modules/elliptic
2666 silly ADD node_modules/elliptic/node_modules/bn.js
2667 silly ADD node_modules/@ethersproject/signing-key
2668 silly ADD node_modules/js-sha3
2669 silly ADD node_modules/@ethersproject/web
2670 silly ADD node_modules/@ethersproject/transactions
2671 silly ADD node_modules/@ethersproject/networks
2672 silly ADD node_modules/@ethersproject/abstract-provider
2673 silly ADD node_modules/@ethersproject/base64
2674 silly ADD node_modules/@ethersproject/abstract-signer
2675 silly ADD node_modules/bn.js
2676 silly ADD node_modules/@ethersproject/rlp
2677 silly ADD node_modules/@ethersproject/strings
2678 silly ADD node_modules/@ethersproject/properties
2679 silly ADD node_modules/@ethersproject/logger
2680 silly ADD node_modules/@ethersproject/keccak256
2681 silly ADD node_modules/@ethersproject/hash
2682 silly ADD node_modules/@ethersproject/constants
2683 silly ADD node_modules/@ethersproject/bytes
2684 silly ADD node_modules/@ethersproject/bignumber
2685 silly ADD node_modules/@ethersproject/address
2686 silly ADD node_modules/cbor2
2687 silly ADD node_modules/@ethersproject/abi
2688 silly ADD node_modules/undici
2689 silly ADD node_modules/rfdc
2690 silly ADD node_modules/json-stream-stringify
2691 silly ADD node_modules/fast-equals
2692 silly ADD node_modules/env-paths
2693 silly ADD node_modules/@streamparser/json-node
2694 silly ADD node_modules/typechain
2695 silly ADD node_modules/typechain/node_modules/brace-expansion
2696 silly ADD node_modules/typechain/node_modules/minimatch
2697 silly ADD node_modules/typechain/node_modules/glob
2698 silly ADD node_modules/@typechain/ethers-v6
2699 silly ADD node_modules/tsx
2700 silly ADD node_modules/@noble/hashes
2701 silly ADD node_modules/@noble/ciphers
2702 silly ADD node_modules/prompts
2703 silly ADD node_modules/json5
2704 silly ADD node_modules/@nomicfoundation/ignition-ui
2705 silly ADD node_modules/deep-eql
2706 silly ADD node_modules/chai-as-promised
2707 silly ADD node_modules/@types/chai-as-promised
2708 silly ADD node_modules/ethereum-cryptography
2709 silly ADD node_modules/ethereum-cryptography/node_modules/@noble/hashes
2710 silly ADD node_modules/zod
2711 silly ADD node_modules/@nomicfoundation/hardhat-zod-utils
2712 silly ADD node_modules/@nomicfoundation/hardhat-utils
2713 silly ADD node_modules/@nomicfoundation/hardhat-errors
2714 silly ADD node_modules/typescript
2715 silly ADD node_modules/dotenv
2716 silly ADD node_modules/@nomicfoundation/hardhat-typechain
2717 silly ADD node_modules/@nomicfoundation/hardhat-network-helpers
2718 silly ADD node_modules/mocha
2719 silly ADD node_modules/mocha/node_modules/readdirp
2720 silly ADD node_modules/mocha/node_modules/chokidar
2721 silly ADD node_modules/@nomicfoundation/hardhat-mocha
2722 silly ADD node_modules/@nomicfoundation/hardhat-keystore
2723 silly ADD node_modules/@nomicfoundation/ignition-core
2724 silly ADD node_modules/@nomicfoundation/hardhat-ignition-ethers
2725 silly ADD node_modules/@nomicfoundation/hardhat-verify
2726 silly ADD node_modules/@nomicfoundation/hardhat-ignition
2727 silly ADD node_modules/ethers
2728 silly ADD node_modules/ethers/node_modules/@noble/hashes
2729 silly ADD node_modules/ethers/node_modules/@noble/curves
2730 silly ADD node_modules/chai
2731 silly ADD node_modules/@nomicfoundation/hardhat-ethers-chai-matchers
2732 silly ADD node_modules/hardhat
2733 silly ADD node_modules/hardhat/node_modules/ws
2734 silly ADD node_modules/@nomicfoundation/hardhat-ethers
2735 silly ADD node_modules/@nomicfoundation/hardhat-toolbox-mocha-ethers
2736 verbose cwd /Users/vimukthideshan/Final Project/canela-ceylon-scm/blockchain
2737 verbose os Darwin 25.5.0
2738 verbose node v23.1.0
2739 verbose npm  v11.4.2
2740 verbose exit 0
2741 info ok
